Pradako ID,Authority,Standard,Title,Lifecycle,File,Authority Hub,Page Source,Previous Path
PRA-SPC-00001,ASTM,ASTM A36/A36M,Standard Specification for Carbon Structural Steel,Current-use reference,specifications/astm/astm-a36-a36m.html,specifications/astm/astm-specifications.html,preserved_enhanced_page,specifications/astm/astm-a36-a36m/index.html
PRA-SPC-00002,ASTM,ASTM A47/A47M,Standard Specification for Ferritic Malleable Iron Castings,Current-use reference,specifications/astm/astm-a47-a47m.html,specifications/astm/astm-specifications.html,generated_from_master_record,specifications/astm/astm-a47-a47m/index.html
PRA-SPC-00003,ASTM,ASTM A48/A48M,Standard Specification for Gray Iron Castings,Current-use reference,specifications/astm/astm-a48-a48m.html,specifications/astm/astm-specifications.html,generated_from_master_record,specifications/astm/astm-a48-a48m/index.html
PRA-SPC-00004,ASTM,ASTM A123/A123M,Standard Specification for Zinc (Hot-Dip Galvanized) Coatings on Iron and Steel Products,Current-use reference,specifications/astm/astm-a123-a123m.html,specifications/astm/astm-specifications.html,generated_from_master_record,
PRA-SPC-00005,ASTM,ASTM A153/A153M,Standard Specification for Zinc Coating (Hot-Dip) on Iron and Steel Hardware,Current-use reference,specifications/astm/astm-a153-a153m.html,specifications/astm/astm-specifications.html,generated_from_master_record,specifications/astm/astm-a153-a153m/index.html
PRA-SPC-00006,ASTM,ASTM A193/A193M,Standard Specification for Alloy-Steel and Stainless Steel Bolting for High Temperature or High Pressure Service and Other Special Purpose Applications,Current-use reference,specifications/astm/astm-a193-a193m.html,specifications/astm/astm-specifications.html,preserved_enhanced_page,specifications/astm/astm-a193-a193m/index.html
PRA-SPC-00007,ASTM,ASTM A194/A194M,"Standard Specification for Carbon Steel, Alloy Steel, and Stainless Steel Nuts for Bolts for High Pressure or High Temperature Service, or Both",Current-use reference,specifications/astm/astm-a194-a194m.html,specifications/astm/astm-specifications.html,preserved_enhanced_page,specifications/astm/astm-a194-a194m/index.html
PRA-SPC-00008,ASTM,ASTM A307,"Standard Specification for Carbon Steel Bolts, Studs, and Threaded Rod 60 000 PSI Tensile Strength",Current-use reference,specifications/astm/astm-a307.html,specifications/astm/astm-specifications.html,preserved_enhanced_page,specifications/astm/astm-a307/index.html
PRA-SPC-00009,ASTM,ASTM A320/A320M,Standard Specification for Alloy-Steel and Stainless Steel Bolting for Low-Temperature Service,Current-use reference,specifications/astm/astm-a320-a320m.html,specifications/astm/astm-specifications.html,preserved_enhanced_page,specifications/astm/astm-a320-a320m/index.html
PRA-SPC-00010,ASTM,ASTM A325,"Standard Specification for Structural Bolts, Steel, Heat Treated, 120/105 ksi Minimum Tensile Strength",Legacy / Superseded,specifications/astm/astm-a325.html,specifications/astm/astm-specifications.html,preserved_enhanced_page,specifications/astm/astm-a325/index.html
PRA-SPC-00011,ASTM,ASTM A325M,"Standard Specification for Structural Bolts, Steel, Heat Treated 830 MPa Minimum Tensile Strength (Metric)",Legacy / Superseded,specifications/astm/astm-a325m.html,specifications/astm/astm-specifications.html,preserved_enhanced_page,
PRA-SPC-00012,ASTM,ASTM A354,"Standard Specification for Quenched and Tempered Alloy Steel Bolts, Studs, and Other Externally Threaded Fasteners",Current-use reference,specifications/astm/astm-a354.html,specifications/astm/astm-specifications.html,preserved_enhanced_page,specifications/astm/astm-a354/index.html
PRA-SPC-00013,ASTM,ASTM A394,"Standard Specification for Steel Transmission Tower Bolts, Zinc-Coated and Bare",Current-use reference,specifications/astm/astm-a394.html,specifications/astm/astm-specifications.html,preserved_enhanced_page,specifications/astm/astm-a394/index.html
PRA-SPC-00014,ASTM,ASTM A449,"Standard Specification for Hex Cap Screws, Bolts and Studs, Steel, Heat Treated, 120/105/90 ksi Minimum Tensile Strength, General Use",Current-use reference,specifications/astm/astm-a449.html,specifications/astm/astm-specifications.html,preserved_enhanced_page,specifications/astm/astm-a449/index.html
PRA-SPC-00015,ASTM,ASTM A490,"Standard Specification for Structural Bolts, Alloy Steel, Heat Treated, 150 ksi Minimum Tensile Strength",Legacy / Superseded,specifications/astm/astm-a490.html,specifications/astm/astm-specifications.html,preserved_enhanced_page,specifications/astm/astm-a490/index.html
PRA-SPC-00016,ASTM,ASTM A490M,"Standard Specification for High-Strength Steel Bolts, Classes 10.9 and 10.9.3, for Structural Steel Joints (Metric)",Legacy / Superseded,specifications/astm/astm-a490m.html,specifications/astm/astm-specifications.html,preserved_enhanced_page,
PRA-SPC-00017,ASTM,ASTM A536,Standard Specification for Ductile Iron Castings,Current-use reference,specifications/astm/astm-a536.html,specifications/astm/astm-specifications.html,generated_from_master_record,specifications/astm/astm-a536/index.html
PRA-SPC-00018,ASTM,ASTM A563/A563M,Standard Specification for Carbon and Alloy Steel Nuts (Inch and Metric),Current-use reference,specifications/astm/astm-a563-a563m.html,specifications/astm/astm-specifications.html,preserved_enhanced_page,specifications/astm/astm-a563-a563m/index.html
PRA-SPC-00019,ASTM,ASTM A572/A572M,Standard Specification for High-Strength Low-Alloy Columbium-Vanadium Structural Steel,Current-use reference,specifications/astm/astm-a572-a572m.html,specifications/astm/astm-specifications.html,preserved_enhanced_page,specifications/astm/astm-a572/index.html
PRA-SPC-00020,ASTM,ASTM A574,Standard Specification for Alloy Steel Socket-Head Cap Screws,Current-use reference,specifications/astm/astm-a574.html,specifications/astm/astm-specifications.html,preserved_enhanced_page,specifications/astm/astm-a574/index.html
PRA-SPC-00021,ASTM,ASTM A588/A588M,"Standard Specification for High-Strength Low-Alloy Structural Steel, up to 50 ksi [345 MPa] Minimum Yield Point, with Atmospheric Corrosion Resistance",Current-use reference,specifications/astm/astm-a588-a588m.html,specifications/astm/astm-specifications.html,generated_from_master_record,specifications/astm/astm-a588-a588m/index.html
PRA-SPC-00022,ASTM,ASTM A615/A615M,Standard Specification for Deformed and Plain Carbon-Steel Bars for Concrete Reinforcement,Current-use reference,specifications/astm/astm-a615-a615m.html,specifications/astm/astm-specifications.html,generated_from_master_record,specifications/astm/astm-a615-a615m/index.html
PRA-SPC-00023,ASTM,ASTM A668/A668M,"Standard Specification for Steel Forgings, Carbon and Alloy, for General Industrial Use",Current-use reference,specifications/astm/astm-a668-a668m.html,specifications/astm/astm-specifications.html,generated_from_master_record,specifications/astm/astm-a668-a668m/index.html
PRA-SPC-00024,ASTM,ASTM A706/A706M,Standard Specification for Deformed and Plain Low-Alloy Steel Bars for Concrete Reinforcement,Current-use reference,specifications/astm/astm-a706-a706m.html,specifications/astm/astm-specifications.html,generated_from_master_record,specifications/astm/astm-a706-a706m/index.html
PRA-SPC-00025,ASTM,ASTM A962/A962M,Standard Specification for Common Requirements for Bolting Intended for Use at Any Temperature from Cryogenic to the Creep Range,Current-use reference,specifications/astm/astm-a962-a962m.html,specifications/astm/astm-specifications.html,generated_from_master_record,
PRA-SPC-00026,ASTM,ASTM B695,Standard Specification for Coatings of Zinc Mechanically Deposited on Iron and Steel,Current-use reference,specifications/astm/astm-b695.html,specifications/astm/astm-specifications.html,generated_from_master_record,specifications/astm/astm-b695/index.html
PRA-SPC-00027,ASTM,ASTM F16,ASTM Committee F16 on Fasteners,Current-use reference,specifications/astm/astm-f16.html,specifications/astm/astm-specifications.html,generated_from_master_record,
PRA-SPC-00028,ASTM,ASTM F436/F436M,Standard Specification for Hardened Steel Washers Inch and Metric Dimensions,Current-use reference,specifications/astm/astm-f436-f436m.html,specifications/astm/astm-specifications.html,preserved_enhanced_page,specifications/astm/astm-f436-f436m/index.html
PRA-SPC-00029,ASTM,ASTM F593,"Standard Specification for Stainless Steel Bolts, Hex Cap Screws, and Studs",Current-use reference,specifications/astm/astm-f593.html,specifications/astm/astm-specifications.html,preserved_enhanced_page,specifications/astm/astm-f593/index.html
PRA-SPC-00030,ASTM,ASTM F594,Standard Specification for Stainless Steel Nuts,Current-use reference,specifications/astm/astm-f594.html,specifications/astm/astm-specifications.html,preserved_enhanced_page,specifications/astm/astm-f594/index.html
PRA-SPC-00031,ASTM,ASTM F606/F606M,"Standard Test Methods for Determining the Mechanical Properties of Externally and Internally Threaded Fasteners, Washers, Direct Tension Indicators, and Rivets",Current-use reference,specifications/astm/astm-f606-f606m.html,specifications/astm/astm-specifications.html,generated_from_master_record,
PRA-SPC-00032,ASTM,ASTM F788/F788M,"Standard Specification for Surface Discontinuities of Bolts, Screws, Studs, and Rivets, Inch and Metric Series",Current-use reference,specifications/astm/astm-f788-f788m.html,specifications/astm/astm-specifications.html,generated_from_master_record,
PRA-SPC-00033,ASTM,ASTM F812/F812M,"Standard Specification for Surface Discontinuities of Nuts, Inch and Metric Series",Current-use reference,specifications/astm/astm-f812-f812m.html,specifications/astm/astm-specifications.html,generated_from_master_record,
PRA-SPC-00034,ASTM,ASTM F835,"Standard Specification for Alloy Steel Socket Button, Low and Flat Countersunk Head Cap Screws",Current-use reference,specifications/astm/astm-f835.html,specifications/astm/astm-specifications.html,preserved_enhanced_page,
PRA-SPC-00035,ASTM,ASTM F837,Standard Specification for Stainless Steel Socket Head Cap Screws,Current-use reference,specifications/astm/astm-f837.html,specifications/astm/astm-specifications.html,preserved_enhanced_page,specifications/astm/astm-f837/index.html
PRA-SPC-00036,ASTM,ASTM F844,"Standard Specification for Washers, Steel, Plain (Flat), Unhardened for General Use",Current-use reference,specifications/astm/astm-f844.html,specifications/astm/astm-specifications.html,preserved_enhanced_page,specifications/astm/astm-f844/index.html
PRA-SPC-00037,ASTM,ASTM F879,"Standard Specification for Stainless Steel Socket Button, Low and Flat Countersunk Head Cap Screws",Current-use reference,specifications/astm/astm-f879.html,specifications/astm/astm-specifications.html,preserved_enhanced_page,specifications/astm/astm-f879/index.html
PRA-SPC-00038,ASTM,ASTM F880,"Standard Specification for Stainless Steel Socket, Square Head, and Slotted Headless-Set Screws",Current-use reference,specifications/astm/astm-f880.html,specifications/astm/astm-specifications.html,preserved_enhanced_page,specifications/astm/astm-f880/index.html
PRA-SPC-00039,ASTM,ASTM F912,Standard Specification for Alloy Steel Socket Set Screws,Current-use reference,specifications/astm/astm-f912.html,specifications/astm/astm-specifications.html,preserved_enhanced_page,
PRA-SPC-00040,ASTM,ASTM F959/F959M,Standard Specification for Compressible-Washer-Type Direct Tension Indicators for Use with Structural Fasteners,Current-use reference,specifications/astm/astm-f959-f959m.html,specifications/astm/astm-specifications.html,preserved_enhanced_page,
PRA-SPC-00041,ASTM,ASTM F1470,Standard Practice for Fastener Sampling for Specified Mechanical Properties and Performance Inspection,Current-use reference,specifications/astm/astm-f1470.html,specifications/astm/astm-specifications.html,generated_from_master_record,
PRA-SPC-00042,ASTM,ASTM F1554,"Standard Specification for Anchor Bolts, Steel, 36, 55, and 105-ksi Yield Strength",Current-use reference,specifications/astm/astm-f1554.html,specifications/astm/astm-specifications.html,preserved_enhanced_page,specifications/astm/astm-f1554/index.html
PRA-SPC-00043,ASTM,ASTM F1789,Standard Terminology for F16 Mechanical Fasteners,Current-use reference,specifications/astm/astm-f1789.html,specifications/astm/astm-specifications.html,generated_from_master_record,
PRA-SPC-00044,ASTM,ASTM F1852,"Standard Specification for “Twist Off” Type Tension Control Structural Bolt/Nut/Washer Assemblies, Steel, Heat Treated, 120/105 ksi Minimum Tensile Strength",Legacy / Superseded,specifications/astm/astm-f1852.html,specifications/astm/astm-specifications.html,generated_from_master_record,
PRA-SPC-00045,ASTM,ASTM F1940,Standard Test Method for Process Control Verification to Prevent Hydrogen Embrittlement in Plated or Coated Fasteners,Current-use reference,specifications/astm/astm-f1940.html,specifications/astm/astm-specifications.html,generated_from_master_record,
PRA-SPC-00046,ASTM,ASTM F1941/F1941M,"Standard Specification for Electrodeposited Coatings on Mechanical Fasteners, Inch and Metric",Current-use reference,specifications/astm/astm-f1941-f1941m.html,specifications/astm/astm-specifications.html,generated_from_master_record,specifications/astm/astm-f1941-f1941m/index.html
PRA-SPC-00047,ASTM,ASTM F2280,"Standard Specification for “Twist Off” Type Tension Control Structural Bolt/Nut/Washer Assemblies, Steel, Heat Treated, 150 ksi Minimum Tensile Strength",Legacy / Superseded,specifications/astm/astm-f2280.html,specifications/astm/astm-specifications.html,generated_from_master_record,
PRA-SPC-00048,ASTM,ASTM F2328,"Standard Test Method for Determining Decarburization and Carburization in Hardened and Tempered Threaded Steel Bolts, Screws, Studs, and Nuts",Current-use reference,specifications/astm/astm-f2328.html,specifications/astm/astm-specifications.html,generated_from_master_record,
PRA-SPC-00049,ASTM,ASTM F2329/F2329M,"Standard Specification for Zinc Coating, Hot-Dip, Requirements for Application to Carbon and Alloy Steel Bolts, Screws, Washers, Nuts, and Special Threaded Fasteners",Current-use reference,specifications/astm/astm-f2329-f2329m.html,specifications/astm/astm-specifications.html,generated_from_master_record,specifications/astm/astm-f2329-f2329m/index.html
PRA-SPC-00050,ASTM,ASTM F2437/F2437M,"Standard Specification for Carbon and Alloy Steel Compressible-Washer-Type Direct Tension Indicators for Use with Cap Screws, Bolts, Anchors, and Studs",Current-use reference,specifications/astm/astm-f2437-f2437m.html,specifications/astm/astm-specifications.html,preserved_enhanced_page,
PRA-SPC-00051,ASTM,ASTM F2482/F2482M,Standard Specification for Load-Indicating Externally Threaded Fasteners,Current-use reference,specifications/astm/astm-f2482-f2482m.html,specifications/astm/astm-specifications.html,preserved_enhanced_page,
PRA-SPC-00052,ASTM,ASTM F2882/F2882M,"Standard Specification for Screws, Alloy Steel, Heat Treated, 170 ksi and 1170 MPa Minimum Tensile Strength (Inch and Metric)",Current-use reference,specifications/astm/astm-f2882-f2882m.html,specifications/astm/astm-specifications.html,preserved_enhanced_page,
PRA-SPC-00053,ASTM,ASTM F3043,"Standard Specification for “Twist Off” Type Tension Control Structural Bolt/Nut/Washer Assemblies, Alloy Steel, Heat Treated, 200 ksi Minimum Tensile Strength",Current-use reference,specifications/astm/astm-f3043.html,specifications/astm/astm-specifications.html,preserved_enhanced_page,
PRA-SPC-00054,ASTM,ASTM F3111,"Standard Specification for Heavy Hex Structural Bolt/Nut/Washer Assemblies, Alloy Steel, Heat Treated, 200 ksi Minimum Tensile Strength",Current-use reference,specifications/astm/astm-f3111.html,specifications/astm/astm-specifications.html,preserved_enhanced_page,
PRA-SPC-00055,ASTM,ASTM F3125/F3125M,"Standard Specification for High Strength Structural Bolts and Assemblies, Steel and Alloy Steel, Heat Treated, Inch Dimensions 120 ksi, 144 ksi, and 150 ksi Minimum Tensile Strength, and Metric Dimensions 830 MPa and 1040 MPa Minimum Tensile Strength",Current-use reference,specifications/astm/astm-f3125-f3125m.html,specifications/astm/astm-specifications.html,preserved_enhanced_page,specifications/astm/astm-f3125-f3125m/index.html
PRA-SPC-00056,ASTM,ASTM F3148,"Standard Specification for High Strength Structural Bolt Assemblies, Steel and Alloy Steel, Heat Treated, 144ksi Minimum Tensile Strength, Inch Dimensions",Current-use reference,specifications/astm/astm-f3148.html,specifications/astm/astm-specifications.html,preserved_enhanced_page,
PRA-SPC-00057,ASTM,ASTM F3393,Standard Specification for Zinc-Flake Coating Systems for Fasteners,Current-use reference,specifications/astm/astm-f3393.html,specifications/astm/astm-specifications.html,generated_from_master_record,
PRA-SPC-00058,ASTM,ASTM A31,"Standard Specification for Steel Rivets and Bars for Rivets, Pressure Vessels",Current-use reference,specifications/astm/astm-a31.html,specifications/astm/astm-specifications.html,generated_from_master_record,
PRA-SPC-00059,ASTM,ASTM A437/A437M,Standard Specification for Stainless and Alloy-Steel Turbine-Type Bolting Specially Heat Treated for High-Temperature Service,Current-use reference,specifications/astm/astm-a437-a437m.html,specifications/astm/astm-specifications.html,preserved_enhanced_page,specifications/astm/astm-a437-a437m/index.html
PRA-SPC-00060,ASTM,ASTM A453/A453M,"Standard Specification for High-Temperature Bolting, with Expansion Coefficients Comparable to Austenitic Stainless Steels",Current-use reference,specifications/astm/astm-a453-a453m.html,specifications/astm/astm-specifications.html,preserved_enhanced_page,specifications/astm/astm-a453-a453m/index.html
PRA-SPC-00061,ASTM,ASTM A489,Standard Specification for Carbon Steel Eyebolts,Current-use reference,specifications/astm/astm-a489.html,specifications/astm/astm-specifications.html,preserved_enhanced_page,specifications/astm/astm-a489/index.html
PRA-SPC-00062,ASTM,ASTM A502,Standard Specification for Steel Structural Rivets,Current-use reference,specifications/astm/astm-a502.html,specifications/astm/astm-specifications.html,preserved_enhanced_page,
PRA-SPC-00063,ASTM,ASTM A540/A540M,Standard Specification for Alloy-Steel Bolting for Special Applications,Current-use reference,specifications/astm/astm-a540-a540m.html,specifications/astm/astm-specifications.html,preserved_enhanced_page,specifications/astm/astm-a540-a540m/index.html
PRA-SPC-00064,ASTM,ASTM A1014/A1014M,Standard Specification for Precipitation-Hardening Bolting (UNS N07718) for High Temperature Service,Current-use reference,specifications/astm/astm-a1014-a1014m.html,specifications/astm/astm-specifications.html,preserved_enhanced_page,specifications/astm/astm-a1014-a1014m/index.html
PRA-SPC-00065,ASTM,ASTM A1082/A1082M,Standard Specification for High Strength Precipitation Hardening and Duplex Stainless Steel Bolting for Special Purpose Applications,Current-use reference,specifications/astm/astm-a1082-a1082m.html,specifications/astm/astm-specifications.html,preserved_enhanced_page,specifications/astm/astm-a1082-a1082m/index.html
PRA-SPC-00066,ASTM,ASTM F432,Standard Specification for Roof and Rock Bolts and Accessories,Current-use reference,specifications/astm/astm-f432.html,specifications/astm/astm-specifications.html,preserved_enhanced_page,
PRA-SPC-00067,ASTM,ASTM F467,Standard Specification for Nonferrous Nuts for General Use,Current-use reference,specifications/astm/astm-f467.html,specifications/astm/astm-specifications.html,preserved_enhanced_page,specifications/astm/astm-f467/index.html
PRA-SPC-00068,ASTM,ASTM F467M,Standard Specification for Nonferrous Nuts for General Use (Metric),Current-use reference,specifications/astm/astm-f467m.html,specifications/astm/astm-specifications.html,preserved_enhanced_page,
PRA-SPC-00069,ASTM,ASTM F468,"Standard Specification for Nonferrous Bolts, Hex Cap Screws, Socket Head Cap Screws, and Studs for General Use",Current-use reference,specifications/astm/astm-f468.html,specifications/astm/astm-specifications.html,preserved_enhanced_page,specifications/astm/astm-f468/index.html
PRA-SPC-00070,ASTM,ASTM F468M,"Standard Specification for Nonferrous Bolts, Hex Cap Screws, and Studs for General Use (Metric)",Current-use reference,specifications/astm/astm-f468m.html,specifications/astm/astm-specifications.html,preserved_enhanced_page,
PRA-SPC-00071,ASTM,ASTM F541,Standard Specification for Alloy Steel Eyebolts,Current-use reference,specifications/astm/astm-f541.html,specifications/astm/astm-specifications.html,preserved_enhanced_page,
PRA-SPC-00072,ASTM,ASTM F901,Standard Specification for Aluminum Transmission Tower Bolts and Nuts,Current-use reference,specifications/astm/astm-f901.html,specifications/astm/astm-specifications.html,preserved_enhanced_page,
PRA-SPC-00073,ASTM,ASTM F1137/F1137M,Standard Specification for Phosphate/Oil Corrosion Protective Coatings for Fasteners,Current-use reference,specifications/astm/astm-f1137-f1137m.html,specifications/astm/astm-specifications.html,generated_from_master_record,
PRA-SPC-00074,ASTM,ASTM F1428,"Standard Specification for Aluminum Particle-Filled Basecoat/Organic or Inorganic Topcoat, Corrosion Protective Coatings for Fasteners",Current-use reference,specifications/astm/astm-f1428.html,specifications/astm/astm-specifications.html,generated_from_master_record,
PRA-SPC-00075,ASTM,ASTM F1575/F1575M,"Standard Test Method for Determining Bending Yield Moment of Nails, Spikes, and Dowel-type Threaded Fasteners",Current-use reference,specifications/astm/astm-f1575-f1575m.html,specifications/astm/astm-specifications.html,generated_from_master_record,
PRA-SPC-00076,ASTM,ASTM F2281,"Standard Specification for Stainless Steel and Nickel Alloy Bolts, Hex Cap Screws, and Studs, for Heat Resistance and High Temperature Applications",Current-use reference,specifications/astm/astm-f2281.html,specifications/astm/astm-specifications.html,preserved_enhanced_page,specifications/astm/astm-f2281/index.html
PRA-SPC-00077,ASTM,ASTM F2282,"Standard Specification for Quality Assurance Requirements for Carbon and Alloy Steel Wire, Rods, and Bars for Mechanical Fasteners",Current-use reference,specifications/astm/astm-f2282.html,specifications/astm/astm-specifications.html,generated_from_master_record,
PRA-SPC-00078,ASTM,ASTM F2328M,"Standard Test Method for Determining Decarburization and Carburization in Hardened and Tempered Threaded Steel Bolts, Screws, Studs, and Nuts (Metric)",Current-use reference,specifications/astm/astm-f2328m.html,specifications/astm/astm-specifications.html,generated_from_master_record,
PRA-SPC-00079,ASTM,ASTM F2660,Standard Test Method for Qualifying Coatings for Use on F3125 Grade A490 Structural Bolts Relative to Environmental Hydrogen Embrittlement,Current-use reference,specifications/astm/astm-f2660.html,specifications/astm/astm-specifications.html,generated_from_master_record,
PRA-SPC-00080,ASTM,ASTM F2832,Standard Guide for Accelerated Corrosion Testing for Mechanical Fasteners,Current-use reference,specifications/astm/astm-f2832.html,specifications/astm/astm-specifications.html,generated_from_master_record,
PRA-SPC-00081,ASTM,ASTM F3042,"Standard Specification for Nonferrous Hex Socket, Slotted Headless, and Square Head Set Screws",Current-use reference,specifications/astm/astm-f3042.html,specifications/astm/astm-specifications.html,preserved_enhanced_page,
PRA-SPC-00082,ASTM,ASTM F3329,Standard Specification for Carbon and Alloy Steel Metric Rivets,Current-use reference,specifications/astm/astm-f3329.html,specifications/astm/astm-specifications.html,preserved_enhanced_page,
PRA-SPC-00083,ASTM,ASTM F3394/F3394M,Standard Specification for Hardened Steel Backup and Reaction Washers Inch and Metric Dimensions,Current-use reference,specifications/astm/astm-f3394-f3394m.html,specifications/astm/astm-specifications.html,generated_from_master_record,
PRA-SPC-00084,ISO,ISO 898-1:2013,"Mechanical properties of fasteners made of carbon steel and alloy steel — Part 1: Bolts, screws and studs with specified property classes — Coarse thread and fine pitch thread",Current-use reference,specifications/iso/iso-898-1.html,specifications/iso/iso-specifications.html,preserved_enhanced_page,specifications/iso/iso-898-1/index.html
PRA-SPC-00085,ISO,ISO 898-2:2022,Fasteners — Mechanical properties of fasteners made of carbon steel and alloy steel — Part 2: Nuts with specified property classes,Current-use reference,specifications/iso/iso-898-2.html,specifications/iso/iso-specifications.html,preserved_enhanced_page,specifications/iso/iso-898-2/index.html
PRA-SPC-00086,ISO,ISO 898-3:2018,Mechanical properties of fasteners made of carbon steel and alloy steel — Part 3: Flat washers with specified property classes,Current-use reference,specifications/iso/iso-898-3.html,specifications/iso/iso-specifications.html,preserved_enhanced_page,specifications/iso/iso-898-3/index.html
PRA-SPC-00087,ISO,ISO 898-5:2012,Mechanical properties of fasteners made of carbon steel and alloy steel — Part 5: Set screws and similar threaded fasteners with specified hardness classes — Coarse thread and fine pitch thread,Current-use reference,specifications/iso/iso-898-5.html,specifications/iso/iso-specifications.html,preserved_enhanced_page,specifications/iso/iso-898-5/index.html
PRA-SPC-00088,ISO,ISO 898-6:1994,Mechanical properties of fasteners — Part 6: Nuts with specified proof load values — Fine pitch thread,Withdrawn,specifications/iso/iso-898-6.html,specifications/iso/iso-specifications.html,preserved_enhanced_page,specifications/iso/iso-898-6/index.html
PRA-SPC-00089,ISO,ISO 3506-1:2020,"Fasteners — Mechanical properties of corrosion-resistant stainless steel fasteners — Part 1: Bolts, screws and studs with specified grades and property classes",Current-use reference,specifications/iso/iso-3506-1.html,specifications/iso/iso-specifications.html,preserved_enhanced_page,specifications/iso/iso-3506-1/index.html
PRA-SPC-00090,ISO,ISO 3506-2:2020,Fasteners — Mechanical properties of corrosion-resistant stainless steel fasteners — Part 2: Nuts with specified grades and property classes,Current-use reference,specifications/iso/iso-3506-2.html,specifications/iso/iso-specifications.html,preserved_enhanced_page,specifications/iso/iso-3506-2/index.html
PRA-SPC-00091,ISO,ISO 3506-3:2025,Fasteners — Mechanical properties of corrosion resistant stainless steel fasteners — Part 3: Set screws (and similar fasteners not under tensile stress) with specified grades and hardness classes,Current-use reference,specifications/iso/iso-3506-3.html,specifications/iso/iso-specifications.html,preserved_enhanced_page,specifications/iso/iso-3506-3/index.html
PRA-SPC-00092,ISO,ISO 3506-4:2025,Fasteners — Mechanical properties of corrosion-resistant stainless steel fasteners — Part 4: Tapping screws with specified grades and hardness classes,Current-use reference,specifications/iso/iso-3506-4.html,specifications/iso/iso-specifications.html,preserved_enhanced_page,specifications/iso/iso-3506-4/index.html
PRA-SPC-00093,ISO,ISO 3506-5:2022,Fasteners — Mechanical properties of corrosion-resistant stainless steel fasteners — Part 5: Special fasteners (also including fasteners from nickel alloys) for high temperature applications,Current-use reference,specifications/iso/iso-3506-5.html,specifications/iso/iso-specifications.html,preserved_enhanced_page,
PRA-SPC-00094,ISO,ISO 3506-6:2020,Fasteners — Mechanical properties of corrosion-resistant stainless steel fasteners — Part 6: General rules for the selection of stainless steels and nickel alloys for fasteners,Current-use reference,specifications/iso/iso-3506-6.html,specifications/iso/iso-specifications.html,generated_from_master_record,
PRA-SPC-00095,ISO,ISO 2702:2022,Fasteners — Heat treated tapping screws — Mechanical and physical properties,Legacy / Superseded,specifications/iso/iso-2702.html,specifications/iso/iso-specifications.html,generated_from_master_record,
PRA-SPC-00096,ISO,ISO 8839:1986,"Mechanical properties of fasteners — Bolts, screws, studs and nuts made of non-ferrous metals",Legacy / Superseded,specifications/iso/iso-8839.html,specifications/iso/iso-specifications.html,generated_from_master_record,
PRA-SPC-00097,ISO,ISO 13918:2017,Welding — Studs and ceramic ferrules for arc stud welding,Current-use reference,specifications/iso/iso-13918.html,specifications/iso/iso-specifications.html,generated_from_master_record,
PRA-SPC-00098,ISO,ISO 3269:2019,Fasteners — Acceptance inspection,Current-use reference,specifications/iso/iso-3269.html,specifications/iso/iso-specifications.html,generated_from_master_record,
PRA-SPC-00099,ISO,ISO 4042:2022,Fasteners — Electroplated coating systems,Current-use reference,specifications/iso/iso-4042.html,specifications/iso/iso-specifications.html,generated_from_master_record,
PRA-SPC-00100,ISO,ISO 4759-1:2000,"Tolerances for fasteners — Part 1: Bolts, screws, studs and nuts — Product grades A, B and C",Current-use reference,specifications/iso/iso-4759-1.html,specifications/iso/iso-specifications.html,generated_from_master_record,
PRA-SPC-00101,ISO,ISO 4759-3:2016,"Tolerances for fasteners — Part 3: Washers for bolts, screws and nuts — Product grades A, C and F",Current-use reference,specifications/iso/iso-4759-3.html,specifications/iso/iso-specifications.html,generated_from_master_record,
PRA-SPC-00102,ISO,ISO 4762:2004,Hexagon socket head cap screws,Current-use reference,specifications/iso/iso-4762.html,specifications/iso/iso-specifications.html,generated_from_master_record,
PRA-SPC-00103,ISO,ISO 6157-1:1988,"Fasteners — Surface discontinuities — Part 1: Bolts, screws and studs for general requirements",Current-use reference,specifications/iso/iso-6157-1.html,specifications/iso/iso-specifications.html,generated_from_master_record,
PRA-SPC-00104,ISO,ISO 6157-2:1995,Fasteners — Surface discontinuities — Part 2: Nuts,Current-use reference,specifications/iso/iso-6157-2.html,specifications/iso/iso-specifications.html,generated_from_master_record,
PRA-SPC-00105,ISO,ISO 6157-3:1988,"Fasteners — Surface discontinuities — Part 3: Bolts, screws and studs for special requirements",Current-use reference,specifications/iso/iso-6157-3.html,specifications/iso/iso-specifications.html,generated_from_master_record,
PRA-SPC-00106,ISO,ISO 7089:2000,Plain washers — Normal series — Product grade A,Current-use reference,specifications/iso/iso-7089.html,specifications/iso/iso-specifications.html,generated_from_master_record,
PRA-SPC-00107,ISO,ISO 7090:2000,"Plain washers, chamfered — Normal series — Product grade A",Current-use reference,specifications/iso/iso-7090.html,specifications/iso/iso-specifications.html,generated_from_master_record,
PRA-SPC-00108,ISO,ISO 10683:2018,Fasteners — Non-electrolytically applied zinc flake coating systems,Current-use reference,specifications/iso/iso-10683.html,specifications/iso/iso-specifications.html,generated_from_master_record,
PRA-SPC-00109,ISO,ISO 10684:2004,Fasteners — Hot dip galvanized coatings,Current-use reference,specifications/iso/iso-10684.html,specifications/iso/iso-specifications.html,generated_from_master_record,
PRA-SPC-00110,ISO,ISO 15330:1999,Fasteners — Preloading test for the detection of hydrogen embrittlement — Parallel bearing surface method,Current-use reference,specifications/iso/iso-15330.html,specifications/iso/iso-specifications.html,generated_from_master_record,
PRA-SPC-00111,ISO,ISO 16047:2005,Fasteners — Torque/clamp force testing,Current-use reference,specifications/iso/iso-16047.html,specifications/iso/iso-specifications.html,generated_from_master_record,
PRA-SPC-00112,ISO,ISO 16048:2003,Passivation of corrosion-resistant stainless-steel fasteners,Current-use reference,specifications/iso/iso-16048.html,specifications/iso/iso-specifications.html,generated_from_master_record,
PRA-SPC-00113,ISO,ISO 16228:2017,Fasteners — Types of inspection documents,Current-use reference,specifications/iso/iso-16228.html,specifications/iso/iso-specifications.html,generated_from_master_record,
PRA-SPC-00114,ISO,ISO 16426:2002,Fasteners — Quality assurance system,Current-use reference,specifications/iso/iso-16426.html,specifications/iso/iso-specifications.html,generated_from_master_record,
PRA-SPC-00115,ISO,ISO 1891-4:2018,"Fasteners — Vocabulary — Part 4: Control, inspection, delivery, acceptance and quality",Current-use reference,specifications/iso/iso-1891-4.html,specifications/iso/iso-specifications.html,generated_from_master_record,
PRA-SPC-00116,ISO,ISO 4014:2022,Fasteners — Hexagon head bolts — Product grades A and B,Current-use reference,specifications/iso/iso-4014.html,specifications/iso/iso-specifications.html,generated_from_master_record,
PRA-SPC-00117,ISO,ISO 4017:2022,Fasteners — Hexagon head screws — Product grades A and B,Current-use reference,specifications/iso/iso-4017.html,specifications/iso/iso-specifications.html,generated_from_master_record,
PRA-SPC-00118,ISO,ISO 4032:2023,Fasteners — Hexagon regular nuts (style 1) — Product grades A and B,Current-use reference,specifications/iso/iso-4032.html,specifications/iso/iso-specifications.html,generated_from_master_record,
PRA-SPC-00119,ISO,ISO 898-7:1992,Mechanical properties of fasteners — Part 7: Torsional test and minimum torques for bolts and screws with nominal diameters 1 mm to 10 mm,Current-use reference,specifications/iso/iso-898-7.html,specifications/iso/iso-specifications.html,generated_from_master_record,
PRA-SPC-00120,IS,IS 3757:1985,High Strength Structural Bolts,Current-use reference,specifications/is/is-3757.html,specifications/is/is-specifications.html,preserved_enhanced_page,
PRA-SPC-00121,IS,IS 1367 Part 3:2017 / ISO 898-1:2013,"Technical Supply Conditions for Threaded Steel Fasteners Part 3 Mechanical Properties of Fasteners Made of Carbon Steel and Alloy Steel — Bolts, Screws and Studs",Current-use reference,specifications/is/is-1367-part-3-2017-iso-898-1.html,specifications/is/is-specifications.html,generated_from_master_record,
PRA-SPC-00122,IS,IS 1367 Part 5:2018 / ISO 898-5:2012,Technical Supply Conditions for Threaded Steel Fasteners Part 5 Mechanical Properties of Fasteners Made of Carbon Steel and Alloy Steel — Set Screws and Similar Threaded Fasteners with Specified Hardness Classes — Coarse Thread and Fine Pitch Thread,Current-use reference,specifications/is/is-1367-part-5-2018-iso-898-5.html,specifications/is/is-specifications.html,generated_from_master_record,
PRA-SPC-00123,IS,IS 1367 Part 6:2025 / ISO 898-2:2022,Technical Supply Conditions for Threaded Steel Fasteners Part 6 Mechanical Properties of Fasteners Made of Carbon Steel and Alloy Steel — Nuts with Specified Property Classes,Current-use reference,specifications/is/is-1367-part-6-2025-iso-898-2.html,specifications/is/is-specifications.html,generated_from_master_record,
PRA-SPC-00124,IS,IS 1367 Part 7:1980,Technical Supply Conditions for Threaded Steel Fasteners Part 7 Mechanical Properties and Test Methods for Nuts without Specified Proof Loads,Current-use reference,specifications/is/is-1367-part-7.html,specifications/is/is-specifications.html,generated_from_master_record,
PRA-SPC-00125,IS,IS 1367 Part 8:2020 / ISO 2320:2015,Technical Supply Conditions for Threaded Steel Fasteners Part 8 Prevailing Torque Type Steel Nuts — Functional Properties,Current-use reference,specifications/is/is-1367-part-8-2020-iso-2320.html,specifications/is/is-specifications.html,generated_from_master_record,
PRA-SPC-00126,IS,IS 1367 Part 14 Sec 1:2023 / ISO 3506-1:2020,"Technical Supply Conditions for Threaded Steel Fasteners Part 14 Mechanical Properties of Corrosion-Resistant Stainless Steel Fasteners Section 1 Bolts, Screws and Studs with Specified Grades and Property Classes",Current-use reference,specifications/is/is-1367-part-14-sec-1-2023-iso-3506-1.html,specifications/is/is-specifications.html,generated_from_master_record,
PRA-SPC-00127,IS,IS 1367 Part 14 Sec 2:2023 / ISO 3506-2:2020,Technical Supply Conditions for Threaded Steel Fasteners Part 14 Mechanical Properties of Corrosion-Resistant Stainless Steel Fasteners Section 2 Nuts with Specified Grades and Property Classes,Current-use reference,specifications/is/is-1367-part-14-sec-2-2023-iso-3506-2.html,specifications/is/is-specifications.html,generated_from_master_record,
PRA-SPC-00128,IS,IS 1367 Part 14 Sec 3:2018 / ISO 3506-3:2009,Technical Supply Conditions for Threaded Steel Fasteners Part 14 Mechanical Properties of Corrosion-Resistant Stainless-Steel Fasteners Section 3 Set Screws and Similar Fasteners not Under Tensile Stress,Current-use reference,specifications/is/is-1367-part-14-sec-3-2018-iso-3506-3.html,specifications/is/is-specifications.html,generated_from_master_record,
PRA-SPC-00129,IS,IS 1367 Part 14 Sec 4:2023 / ISO 3506-4:2009,Technical Supply Conditions for Threaded Steel Fasteners Part 14 Mechanical Properties of Corrosion Resistant Stainless Steel Fasteners Section 4 Tapping Screws,Current-use reference,specifications/is/is-1367-part-14-sec-4-2023-iso-3506-4.html,specifications/is/is-specifications.html,generated_from_master_record,
PRA-SPC-00130,IS,IS 2062:2011,Hot Rolled Medium and High Tensile Structural Steel — Specification,Current-use reference,specifications/is/is-2062.html,specifications/is/is-specifications.html,generated_from_master_record,
PRA-SPC-00131,IS,IS 4072:1975,Steel for Spring Washers,Current-use reference,specifications/is/is-4072.html,specifications/is/is-specifications.html,generated_from_master_record,
PRA-SPC-00132,IS,IS 7178:2002 / ISO 2702:1992,Heat-Treated Steel Tapping Screws — Mechanical Properties,Current-use reference,specifications/is/is-7178-2002-iso-2702.html,specifications/is/is-specifications.html,generated_from_master_record,
PRA-SPC-00133,IS,IS 1363 Part 1:2019 / ISO 4016,"Hexagon Head Bolts, Screws and Nuts of Product Grade C Part 1 Hexagon Head Bolts",Current-use reference,specifications/is/is-1363-part-1-2019-iso-4016.html,specifications/is/is-specifications.html,generated_from_master_record,
PRA-SPC-00134,IS,IS 1363 Part 2:2018 / ISO 4018,"Hexagon Head Bolts, Screws and Nuts of Product Grade C Part 2 Hexagon Head Screws",Current-use reference,specifications/is/is-1363-part-2-2018-iso-4018.html,specifications/is/is-specifications.html,generated_from_master_record,
PRA-SPC-00135,IS,IS 1363 Part 3:2018 / ISO 4034,"Hexagon Head Bolts, Screws and Nuts of Product Grade C Part 3 Hexagon Nuts",Current-use reference,specifications/is/is-1363-part-3-2018-iso-4034.html,specifications/is/is-specifications.html,generated_from_master_record,
PRA-SPC-00136,IS,IS 1364 Part 1:2023 / ISO 4014:2022,"Hexagon Head Bolts, Screws, and Nuts of Product Grades A and B Part 1 Hexagon Head Bolts",Current-use reference,specifications/is/is-1364-part-1-2023-iso-4014.html,specifications/is/is-specifications.html,generated_from_master_record,
PRA-SPC-00137,IS,IS 1364 Part 2:2023 / ISO 4017:2022,"Hexagon Head Bolts, Screws and Nuts of Product Grades A and B Part 2 Hexagon Head Screws",Current-use reference,specifications/is/is-1364-part-2-2023-iso-4017.html,specifications/is/is-specifications.html,generated_from_master_record,
PRA-SPC-00138,IS,IS 1364 Part 3:2026 / ISO 4032:2023,"Hexagon Head Bolts, Screws and Nuts of Product Grades A and B Part 3 Hexagon Nuts, Style 1",Current-use reference,specifications/is/is-1364-part-3-2026-iso-4032.html,specifications/is/is-specifications.html,generated_from_master_record,
PRA-SPC-00139,IS,IS 1364 Part 4:2025 / ISO 4035:2023,"Hexagon Head Bolts, Screws and Nuts of Product Grades A and B Part 4 Hexagon Nuts, Style 0",Current-use reference,specifications/is/is-1364-part-4-2025-iso-4035.html,specifications/is/is-specifications.html,generated_from_master_record,
PRA-SPC-00140,IS,IS 1364 Part 5:2002 / ISO 4036:1999,"Hexagon Head Bolts, Screws and Nuts of Product Grades A and B Part 5 Hexagon Thin Nuts — Product Grade B (Unchamfered)",Current-use reference,specifications/is/is-1364-part-5-2002-iso-4036.html,specifications/is/is-specifications.html,generated_from_master_record,
PRA-SPC-00141,IS,IS 1364 Part 6:2025 / ISO 4033:2023,"Hexagon Head Bolts, Screws and Nuts of Product Grades A and B Part 6 Hexagon Nuts, Style 2",Current-use reference,specifications/is/is-1364-part-6-2025-iso-4033.html,specifications/is/is-specifications.html,generated_from_master_record,
PRA-SPC-00142,IS,IS 1367 Part 1:2014 / ISO 8992:2005,"Technical Supply Conditions for Threaded Steel Fasteners Part 1 General Requirements for Bolts, Screws, Studs and Nuts",Current-use reference,specifications/is/is-1367-part-1-2014-iso-8992.html,specifications/is/is-specifications.html,generated_from_master_record,
PRA-SPC-00143,IS,IS 1367 Part 2:2002 / ISO 4759-1:2000,"Technical Supply Conditions for Threaded Steel Fasteners Part 2 Tolerances for Fasteners — Bolts, Screws, Studs and Nuts — Product Grades A, B and C",Current-use reference,specifications/is/is-1367-part-2-2002-iso-4759-1.html,specifications/is/is-specifications.html,generated_from_master_record,
PRA-SPC-00144,IS,IS 1367 Part 9 Sec 1:1993 / ISO 6157-1:1988,"Technical Supply Conditions for Threaded Steel Fasteners Part 9 Surface Discontinuities Section 1 Bolts, Screws and Studs for General Applications",Current-use reference,specifications/is/is-1367-part-9-sec-1-1993-iso-6157-1.html,specifications/is/is-specifications.html,generated_from_master_record,
PRA-SPC-00145,IS,IS 1367 Part 9 Sec 2:1993 / ISO 6157-3:1988,"Technical Supply Conditions for Threaded Steel Fasteners Part 9 Surface Discontinuities Section 2 Bolts, Screws and Studs for Special Applications",Current-use reference,specifications/is/is-1367-part-9-sec-2-1993-iso-6157-3.html,specifications/is/is-specifications.html,generated_from_master_record,
PRA-SPC-00146,IS,IS 1367 Part 10:2002 / ISO 6157-2:1995,Technical Supply Conditions for Threaded Steel Fasteners Part 10 Surface Discontinuities — Nuts,Current-use reference,specifications/is/is-1367-part-10-2002-iso-6157-2.html,specifications/is/is-specifications.html,generated_from_master_record,
PRA-SPC-00147,IS,IS 1367 Part 11:2024 / ISO 4042:2022,Technical Supply Conditions for Threaded Steel Fasteners Part 11 Electroplated Coating Systems,Current-use reference,specifications/is/is-1367-part-11-2024-iso-4042.html,specifications/is/is-specifications.html,generated_from_master_record,
PRA-SPC-00148,IS,IS 1367 Part 12:1981,Technical Supply Conditions for Threaded Steel Fasteners Part 12 Phosphate Coatings on Threaded Fasteners,Current-use reference,specifications/is/is-1367-part-12.html,specifications/is/is-specifications.html,generated_from_master_record,
PRA-SPC-00149,IS,IS 1367 Part 13:2020 / ISO 10684:2004,Technical Supply Conditions for Threaded Steel Fasteners Part 13 Hot Dip Galvanized Coatings on Threaded Fasteners,Current-use reference,specifications/is/is-1367-part-13-2020-iso-10684.html,specifications/is/is-specifications.html,generated_from_master_record,
PRA-SPC-00150,IS,IS 1367 Part 16:2002 / ISO 8991:1986,Technical Supply Conditions for Threaded Steel Fasteners Part 16 Designation System for Fasteners,Current-use reference,specifications/is/is-1367-part-16-2002-iso-8991.html,specifications/is/is-specifications.html,generated_from_master_record,
PRA-SPC-00151,IS,IS 1367 Part 17:2023 / ISO 3269:2019,"Technical Supply Conditions for Threaded Steel Fasteners Part 17 Inspections, Sampling and Acceptance Procedure",Current-use reference,specifications/is/is-1367-part-17-2023-iso-3269.html,specifications/is/is-specifications.html,generated_from_master_record,
PRA-SPC-00152,IS,IS 1367 Part 18:1996,Industrial Fasteners — Threaded Steel Fasteners — Technical Supply Conditions Part 18 Packaging,Current-use reference,specifications/is/is-1367-part-18.html,specifications/is/is-specifications.html,generated_from_master_record,
PRA-SPC-00153,IS,IS 1367 Part 19:1997 / ISO 3800:1993,"Industrial Fasteners — Threaded Steel Fasteners — Technical Supply Conditions Part 19 Axial Load Fatigue Testing of Bolts, Screws and Studs",Current-use reference,specifications/is/is-1367-part-19-1997-iso-3800.html,specifications/is/is-specifications.html,generated_from_master_record,
PRA-SPC-00154,IS,IS 1367 Part 20:1996 / ISO 898-7:1992,Industrial Fasteners — Threaded Steel Fasteners — Technical Supply Conditions — Mechanical Properties Part 20 Torsional Test and Minimum Torques for Bolts and Screws with Nominal Diameters 1 mm to 10 mm,Current-use reference,specifications/is/is-1367-part-20-1996-iso-898-7.html,specifications/is/is-specifications.html,generated_from_master_record,
PRA-SPC-00155,IS,IS 1573:1986,Electroplated Coatings of Zinc on Iron and Steel,Current-use reference,specifications/is/is-1573.html,specifications/is/is-specifications.html,generated_from_master_record,
PRA-SPC-00156,IS,IS 18480:2025,Self-Tapping Screws — Specification,Current-use reference,specifications/is/is-18480.html,specifications/is/is-specifications.html,generated_from_master_record,
PRA-SPC-00157,IS,IS 2016:1967,Plain Washers,Current-use reference,specifications/is/is-2016.html,specifications/is/is-specifications.html,generated_from_master_record,
PRA-SPC-00158,IS,IS 2269:2006 / ISO 4762:2004,Hexagon Socket Head Cap Screws,Current-use reference,specifications/is/is-2269-2006-iso-4762.html,specifications/is/is-specifications.html,generated_from_master_record,
PRA-SPC-00159,IS,IS 3063:1994,"Single Coil Rectangular Section Spring Washers for Bolts, Nuts and Screws",Current-use reference,specifications/is/is-3063.html,specifications/is/is-specifications.html,generated_from_master_record,
PRA-SPC-00160,IS,IS 4000:1992,High Strength Bolts in Steel Structures — Code of Practice,Current-use reference,specifications/is/is-4000.html,specifications/is/is-specifications.html,generated_from_master_record,
PRA-SPC-00161,IS,IS 4759:1996,Hot-Dip Zinc Coatings on Structural Steel and Other Allied Products,Current-use reference,specifications/is/is-4759.html,specifications/is/is-specifications.html,generated_from_master_record,
PRA-SPC-00162,IS,IS 5369:1975,General Requirements for Plain Washers and Lock Washers,Current-use reference,specifications/is/is-5369.html,specifications/is/is-specifications.html,generated_from_master_record,
PRA-SPC-00163,IS,IS 5372:1975,Taper Washers for Channels (ISMC),Current-use reference,specifications/is/is-5372.html,specifications/is/is-specifications.html,generated_from_master_record,
PRA-SPC-00164,IS,IS 5374:1975,Taper Washers for I-Beams (ISMB),Current-use reference,specifications/is/is-5374.html,specifications/is/is-specifications.html,generated_from_master_record,
PRA-SPC-00165,IS,IS 5624:1993,Foundation Bolts,Current-use reference,specifications/is/is-5624.html,specifications/is/is-specifications.html,generated_from_master_record,
PRA-SPC-00166,IS,IS 6610:1972,Heavy Washers for Steel Structures,Current-use reference,specifications/is/is-6610.html,specifications/is/is-specifications.html,generated_from_master_record,
PRA-SPC-00167,IS,IS 6623:2004,High Strength Structural Nuts,Current-use reference,specifications/is/is-6623.html,specifications/is/is-specifications.html,generated_from_master_record,
PRA-SPC-00168,IS,IS 6639:2005,Hexagon Bolts for Steel Structures,Current-use reference,specifications/is/is-6639.html,specifications/is/is-specifications.html,generated_from_master_record,
PRA-SPC-00169,IS,IS 6649:1985,Hardened and Tempered Washers for High Strength Structural Bolts and Nuts,Current-use reference,specifications/is/is-6649.html,specifications/is/is-specifications.html,generated_from_master_record,
PRA-SPC-00170,IS,IS 6755:1980,Double Coil Helical Spring Washers,Current-use reference,specifications/is/is-6755.html,specifications/is/is-specifications.html,generated_from_master_record,
PRA-SPC-00171,IS,IS 7002:2005,Prevailing Torque Type Steel Hexagon Nuts — Mechanical and Performance Properties,Current-use reference,specifications/is/is-7002.html,specifications/is/is-specifications.html,generated_from_master_record,
PRA-SPC-00172,IS,IS 15488:2004,Zinc Flake Coatings for Protection of Ferrous Components Against Corrosion — Specification,Current-use reference,specifications/is/is-15488.html,specifications/is/is-specifications.html,generated_from_master_record,
PRA-SPC-00173,IS,IS 15628:2005 / ISO 4766:1983,Slotted Set Screws with Flat Point,Legacy / Superseded,specifications/is/is-15628-2005-iso-4766.html,specifications/is/is-specifications.html,generated_from_master_record,
PRA-SPC-00174,IS,IS 15629:2005 / ISO 7434:1983,Slotted Set Screws with Cone Point,Current-use reference,specifications/is/is-15629-2005-iso-7434.html,specifications/is/is-specifications.html,generated_from_master_record,
PRA-SPC-00175,IS,IS 15630:2005 / ISO 7435:1983,Slotted Set Screws with Long Dog Point,Current-use reference,specifications/is/is-15630-2005-iso-7435.html,specifications/is/is-specifications.html,generated_from_master_record,
PRA-SPC-00176,IS,IS 15631:2005 / ISO 7436:1983,Slotted Set Screws with Cup Point,Current-use reference,specifications/is/is-15631-2005-iso-7436.html,specifications/is/is-specifications.html,generated_from_master_record,
PRA-SPC-00177,EN,EN 10025-2:2019,Hot rolled products of structural steels — Part 2: Technical delivery conditions for non-alloy structural steels,Current-use reference,specifications/en/en-10025-2.html,specifications/en/en-specifications.html,generated_from_master_record,
PRA-SPC-00178,EN,EN 10025-3:2019,Hot rolled products of structural steels — Part 3: Technical delivery conditions for normalized/normalized rolled weldable fine grain structural steels,Current-use reference,specifications/en/en-10025-3.html,specifications/en/en-specifications.html,generated_from_master_record,
PRA-SPC-00179,EN,EN 10025-4:2019,Hot rolled products of structural steels — Part 4: Technical delivery conditions for thermomechanical rolled weldable fine grain structural steels,Current-use reference,specifications/en/en-10025-4.html,specifications/en/en-specifications.html,generated_from_master_record,
PRA-SPC-00180,EN,EN 10025-5:2019,Hot rolled products of structural steels — Part 5: Technical delivery conditions for structural steels with improved atmospheric corrosion resistance,Current-use reference,specifications/en/en-10025-5.html,specifications/en/en-specifications.html,generated_from_master_record,
PRA-SPC-00181,EN,EN 10025-6:2019,Hot rolled products of structural steels — Part 6: Technical delivery conditions for flat products of high yield strength structural steels in the quenched and tempered condition,Current-use reference,specifications/en/en-10025-6.html,specifications/en/en-specifications.html,generated_from_master_record,
PRA-SPC-00182,EN,EN 10028-2:2017,Flat products made of steels for pressure purposes — Part 2: Non-alloy and alloy steels with specified elevated temperature properties,Current-use reference,specifications/en/en-10028-2.html,specifications/en/en-specifications.html,generated_from_master_record,
PRA-SPC-00183,EN,EN 10028-3:2017,"Flat products made of steels for pressure purposes — Part 3: Weldable fine grain steels, normalized",Current-use reference,specifications/en/en-10028-3.html,specifications/en/en-specifications.html,generated_from_master_record,
PRA-SPC-00184,EN,EN 10028-4:2017,Flat products made of steels for pressure purposes — Part 4: Nickel alloy steels with specified low temperature properties,Current-use reference,specifications/en/en-10028-4.html,specifications/en/en-specifications.html,generated_from_master_record,
PRA-SPC-00185,EN,EN 10028-5:2017,"Flat products made of steels for pressure purposes — Part 5: Weldable fine grain steels, thermomechanically rolled",Current-use reference,specifications/en/en-10028-5.html,specifications/en/en-specifications.html,generated_from_master_record,
PRA-SPC-00186,EN,EN 10028-6:2017,"Flat products made of steels for pressure purposes — Part 6: Weldable fine grain steels, quenched and tempered",Current-use reference,specifications/en/en-10028-6.html,specifications/en/en-specifications.html,generated_from_master_record,
PRA-SPC-00187,EN,EN 10028-7:2016,Flat products made of steels for pressure purposes — Part 7: Stainless steels,Current-use reference,specifications/en/en-10028-7.html,specifications/en/en-specifications.html,generated_from_master_record,
PRA-SPC-00188,EN,EN 10083-1:2006,Steels for quenching and tempering — Part 1: General technical delivery conditions,Current-use reference,specifications/en/en-10083-1.html,specifications/en/en-specifications.html,generated_from_master_record,
PRA-SPC-00189,EN,EN 10083-2:2006,Steels for quenching and tempering — Part 2: Technical delivery conditions for non-alloy steels,Current-use reference,specifications/en/en-10083-2.html,specifications/en/en-specifications.html,generated_from_master_record,
PRA-SPC-00190,EN,EN 10083-3:2006,Steels for quenching and tempering — Part 3: Technical delivery conditions for alloy steels,Current-use reference,specifications/en/en-10083-3.html,specifications/en/en-specifications.html,generated_from_master_record,
PRA-SPC-00191,EN,EN 10084:2008,Case hardening steels — Technical delivery conditions,Current-use reference,specifications/en/en-10084.html,specifications/en/en-specifications.html,generated_from_master_record,
PRA-SPC-00192,EN,EN 10085:2001,Nitriding steels — Technical delivery conditions,Current-use reference,specifications/en/en-10085.html,specifications/en/en-specifications.html,generated_from_master_record,
PRA-SPC-00193,EN,EN 10087:1998,"Free-cutting steels — Technical delivery conditions for semi-finished products, hot-rolled bars and rods",Current-use reference,specifications/en/en-10087.html,specifications/en/en-specifications.html,generated_from_master_record,
PRA-SPC-00194,EN,EN 10088-1,Stainless steels — Part 1: List of stainless steels,Current-use reference,specifications/en/en-10088-1.html,specifications/en/en-specifications.html,generated_from_master_record,
PRA-SPC-00195,EN,EN 10088-2,Stainless steels — Part 2: Technical delivery conditions for sheet/plate and strip of corrosion resisting steels for general purposes,Current-use reference,specifications/en/en-10088-2.html,specifications/en/en-specifications.html,generated_from_master_record,
PRA-SPC-00196,EN,EN 10088-3,"Stainless steels — Part 3: Technical delivery conditions for semi-finished products, bars, rods, wire, sections and bright products of corrosion resisting steels for general purposes",Current-use reference,specifications/en/en-10088-3.html,specifications/en/en-specifications.html,preserved_enhanced_page,specifications/en/en-10088-3/index.html
PRA-SPC-00197,EN,EN 10088-4,Stainless steels — Part 4: Technical delivery conditions for sheet/plate and strip of corrosion resisting steels for construction purposes,Current-use reference,specifications/en/en-10088-4.html,specifications/en/en-specifications.html,generated_from_master_record,
PRA-SPC-00198,EN,EN 10088-5,"Stainless steels — Part 5: Technical delivery conditions for bars, rods, wire, sections and bright products of corrosion resisting steels for construction purposes",Current-use reference,specifications/en/en-10088-5.html,specifications/en/en-specifications.html,generated_from_master_record,
PRA-SPC-00199,EN,EN 10089:2002,Hot-rolled steels for quenched and tempered springs — Technical delivery conditions,Current-use reference,specifications/en/en-10089.html,specifications/en/en-specifications.html,generated_from_master_record,
PRA-SPC-00200,EN,EN 10095:1999,Heat resisting steels and nickel alloys,Current-use reference,specifications/en/en-10095.html,specifications/en/en-specifications.html,preserved_enhanced_page,specifications/en/en-10095/index.html
PRA-SPC-00201,EN,EN 10130:2006,Cold rolled low carbon steel flat products for cold forming — Technical delivery conditions,Current-use reference,specifications/en/en-10130.html,specifications/en/en-specifications.html,generated_from_master_record,
PRA-SPC-00202,EN,EN 10250-2,Open die steel forgings for general engineering purposes — Part 2: Non-alloy quality and special steels,Current-use reference,specifications/en/en-10250-2.html,specifications/en/en-specifications.html,generated_from_master_record,
PRA-SPC-00203,EN,EN 10250-3,Open die steel forgings for general engineering purposes — Part 3: Alloy special steels,Current-use reference,specifications/en/en-10250-3.html,specifications/en/en-specifications.html,generated_from_master_record,
PRA-SPC-00204,EN,EN 10250-4,Open die steel forgings for general engineering purposes — Part 4: Stainless steels,Current-use reference,specifications/en/en-10250-4.html,specifications/en/en-specifications.html,generated_from_master_record,
PRA-SPC-00205,EN,EN 10269:2013,Steels and nickel alloys for fasteners with specified elevated and/or low temperature properties,Current-use reference,specifications/en/en-10269.html,specifications/en/en-specifications.html,preserved_enhanced_page,specifications/en/en-10269/index.html
PRA-SPC-00206,EN,EN 10277-2:2008,Bright steel products — Technical delivery conditions — Part 2: Steels for general engineering purposes,Current-use reference,specifications/en/en-10277-2.html,specifications/en/en-specifications.html,generated_from_master_record,
PRA-SPC-00207,EN,EN 10277-3:2008,Bright steel products — Technical delivery conditions — Part 3: Free-cutting steels,Current-use reference,specifications/en/en-10277-3.html,specifications/en/en-specifications.html,generated_from_master_record,
PRA-SPC-00208,EN,EN 10277-4:2008,Bright steel products — Technical delivery conditions — Part 4: Case hardening steels,Current-use reference,specifications/en/en-10277-4.html,specifications/en/en-specifications.html,generated_from_master_record,
PRA-SPC-00209,EN,EN 10277-5:2008,Bright steel products — Technical delivery conditions — Part 5: Steels for quenching and tempering,Current-use reference,specifications/en/en-10277-5.html,specifications/en/en-specifications.html,generated_from_master_record,
PRA-SPC-00210,EN,EN 14399-3:2015,High-strength structural bolting assemblies for preloading — Part 3: System HR — Hexagon bolt and nut assemblies,Current-use reference,specifications/en/en-14399-3.html,specifications/en/en-specifications.html,generated_from_master_record,
PRA-SPC-00211,EN,EN 14399-4:2015,High-strength structural bolting assemblies for preloading — Part 4: System HV — Hexagon bolt and nut assemblies,Current-use reference,specifications/en/en-14399-4.html,specifications/en/en-specifications.html,generated_from_master_record,
PRA-SPC-00212,EN,EN 14399-5:2015,High-strength structural bolting assemblies for preloading — Part 5: Plain washers,Current-use reference,specifications/en/en-14399-5.html,specifications/en/en-specifications.html,generated_from_master_record,
PRA-SPC-00213,EN,EN 14399-6:2015,High-strength structural bolting assemblies for preloading — Part 6: Plain chamfered washers,Current-use reference,specifications/en/en-14399-6.html,specifications/en/en-specifications.html,generated_from_master_record,
PRA-SPC-00214,EN,EN 14399-7:2018,High-strength structural bolting assemblies for preloading — Part 7: System HR — Countersunk head bolt and nut assemblies,Current-use reference,specifications/en/en-14399-7.html,specifications/en/en-specifications.html,generated_from_master_record,
PRA-SPC-00215,EN,EN 14399-8:2018,High-strength structural bolting assemblies for preloading — Part 8: System HV — Hexagon fit bolt and nut assemblies,Current-use reference,specifications/en/en-14399-8.html,specifications/en/en-specifications.html,generated_from_master_record,
PRA-SPC-00216,EN,EN 14399-9:2018,High-strength structural bolting assemblies for preloading — Part 9: System HR or HV — Direct tension indicators for bolt and nut assemblies,Current-use reference,specifications/en/en-14399-9.html,specifications/en/en-specifications.html,generated_from_master_record,
PRA-SPC-00217,EN,EN 14399-1:2015,High-strength structural bolting assemblies for preloading — Part 1: General requirements,Current-use reference,specifications/en/en-14399-1.html,specifications/en/en-specifications.html,generated_from_master_record,
PRA-SPC-00218,EN,EN 14399-2:2015,High-strength structural bolting assemblies for preloading — Part 2: Suitability for preloading,Current-use reference,specifications/en/en-14399-2.html,specifications/en/en-specifications.html,generated_from_master_record,
PRA-SPC-00219,EN,EN 14399-10:2018,High-strength structural bolting assemblies for preloading — Part 10: System HRC — Bolt and nut assemblies with calibrated preload,Current-use reference,specifications/en/en-14399-10.html,specifications/en/en-specifications.html,generated_from_master_record,
PRA-SPC-00220,EN,EN 15048-1:2016,Non-preloaded structural bolting assemblies — Part 1: General requirements,Current-use reference,specifications/en/en-15048-1.html,specifications/en/en-specifications.html,generated_from_master_record,
PRA-SPC-00221,EN,EN 15048-2:2016,Non-preloaded structural bolting assemblies — Part 2: Fitness for purpose,Current-use reference,specifications/en/en-15048-2.html,specifications/en/en-specifications.html,generated_from_master_record,
PRA-SPC-00222,EN,EN 1661:1997,Hexagon nuts with flange,Current-use reference,specifications/en/en-1661.html,specifications/en/en-specifications.html,generated_from_master_record,
PRA-SPC-00223,EN,EN 1662:1997,Hexagon bolts with flange — Small series,Current-use reference,specifications/en/en-1662.html,specifications/en/en-specifications.html,generated_from_master_record,
PRA-SPC-00224,EN,EN 1663:1997,"Prevailing torque type hexagon nuts with flange, with non-metallic insert",Current-use reference,specifications/en/en-1663.html,specifications/en/en-specifications.html,generated_from_master_record,
PRA-SPC-00225,EN,EN 1664:1997,Prevailing torque type all-metal hexagon nuts with flange,Current-use reference,specifications/en/en-1664.html,specifications/en/en-specifications.html,generated_from_master_record,
PRA-SPC-00226,EN,EN 1666:1997,"Prevailing torque type hexagon nuts with flange, with non-metallic insert, with metric fine pitch thread",Current-use reference,specifications/en/en-1666.html,specifications/en/en-specifications.html,generated_from_master_record,
PRA-SPC-00227,EN,EN 1667:1997,"Prevailing torque type all-metal hexagon nuts with flange, with metric fine pitch thread",Current-use reference,specifications/en/en-1667.html,specifications/en/en-specifications.html,generated_from_master_record,
PRA-SPC-00228,EN ISO,EN ISO 898-1:2013,"Mechanical properties of fasteners made of carbon steel and alloy steel — Part 1: Bolts, screws and studs with specified property classes — Coarse thread and fine pitch thread",Current-use reference,specifications/en-iso/en-iso-898-1.html,specifications/en-iso/en-iso-specifications.html,generated_from_master_record,
PRA-SPC-00229,EN ISO,EN ISO 898-2:2022,Fasteners — Mechanical properties of fasteners made of carbon steel and alloy steel — Part 2: Nuts with specified property classes,Current-use reference,specifications/en-iso/en-iso-898-2.html,specifications/en-iso/en-iso-specifications.html,generated_from_master_record,
PRA-SPC-00230,EN ISO,EN ISO 898-3:2018,Mechanical properties of fasteners made of carbon steel and alloy steel — Part 3: Flat washers with specified property classes,Current-use reference,specifications/en-iso/en-iso-898-3.html,specifications/en-iso/en-iso-specifications.html,generated_from_master_record,
PRA-SPC-00231,EN ISO,EN ISO 898-5:2012,Mechanical properties of fasteners made of carbon steel and alloy steel — Part 5: Set screws and similar threaded fasteners with specified hardness classes — Coarse thread and fine pitch thread,Current-use reference,specifications/en-iso/en-iso-898-5.html,specifications/en-iso/en-iso-specifications.html,generated_from_master_record,
PRA-SPC-00232,EN ISO,EN ISO 2320:2015,Fasteners — Prevailing torque steel nuts — Functional properties,Current-use reference,specifications/en-iso/en-iso-2320.html,specifications/en-iso/en-iso-specifications.html,generated_from_master_record,
PRA-SPC-00233,EN ISO,EN ISO 2702:2022,Fasteners — Heat treated tapping screws — Mechanical and physical properties,Current-use reference,specifications/en-iso/en-iso-2702.html,specifications/en-iso/en-iso-specifications.html,generated_from_master_record,
PRA-SPC-00234,EN ISO,EN ISO 3269:2019,Fasteners — Acceptance inspection,Current-use reference,specifications/en-iso/en-iso-3269.html,specifications/en-iso/en-iso-specifications.html,generated_from_master_record,
PRA-SPC-00235,EN ISO,EN ISO 3506-1:2020,"Fasteners — Mechanical properties of corrosion-resistant stainless steel fasteners — Part 1: Bolts, screws and studs with specified grades and property classes",Current-use reference,specifications/en-iso/en-iso-3506-1.html,specifications/en-iso/en-iso-specifications.html,generated_from_master_record,
PRA-SPC-00236,EN ISO,EN ISO 3506-2:2020,Fasteners — Mechanical properties of corrosion-resistant stainless steel fasteners — Part 2: Nuts with specified grades and property classes,Current-use reference,specifications/en-iso/en-iso-3506-2.html,specifications/en-iso/en-iso-specifications.html,generated_from_master_record,
PRA-SPC-00237,EN ISO,EN ISO 3506-3:2025,Fasteners — Mechanical properties of corrosion-resistant stainless steel fasteners — Part 3: Set screws and similar fasteners not under tensile stress,Current-use reference,specifications/en-iso/en-iso-3506-3.html,specifications/en-iso/en-iso-specifications.html,generated_from_master_record,
PRA-SPC-00238,EN ISO,EN ISO 3506-4:2025,Fasteners — Mechanical properties of corrosion-resistant stainless steel fasteners — Part 4: Tapping screws with specified grades and hardness classes,Current-use reference,specifications/en-iso/en-iso-3506-4.html,specifications/en-iso/en-iso-specifications.html,generated_from_master_record,
PRA-SPC-00239,EN ISO,EN ISO 3506-5:2022,"Fasteners — Mechanical properties of corrosion-resistant stainless steel fasteners — Part 5: Special fasteners, also including fasteners from nickel alloys, for high temperature applications",Current-use reference,specifications/en-iso/en-iso-3506-5.html,specifications/en-iso/en-iso-specifications.html,generated_from_master_record,
PRA-SPC-00240,EN ISO,EN ISO 3506-6:2020,Fasteners — Mechanical properties of corrosion-resistant stainless steel fasteners — Part 6: General rules for the selection of stainless steels and nickel alloys for fasteners,Current-use reference,specifications/en-iso/en-iso-3506-6.html,specifications/en-iso/en-iso-specifications.html,generated_from_master_record,
PRA-SPC-00241,EN ISO,EN ISO 4014:2022,Fasteners — Hexagon head bolts — Product grades A and B,Current-use reference,specifications/en-iso/en-iso-4014.html,specifications/en-iso/en-iso-specifications.html,generated_from_master_record,
PRA-SPC-00242,EN ISO,EN ISO 4016:2022,Fasteners — Hexagon head bolts — Product grade C,Current-use reference,specifications/en-iso/en-iso-4016.html,specifications/en-iso/en-iso-specifications.html,generated_from_master_record,
PRA-SPC-00243,EN ISO,EN ISO 4017:2022,Fasteners — Hexagon head screws — Product grades A and B,Current-use reference,specifications/en-iso/en-iso-4017.html,specifications/en-iso/en-iso-specifications.html,generated_from_master_record,
PRA-SPC-00244,EN ISO,EN ISO 4018:2022,Fasteners — Hexagon head screws — Product grade C,Current-use reference,specifications/en-iso/en-iso-4018.html,specifications/en-iso/en-iso-specifications.html,generated_from_master_record,
PRA-SPC-00245,EN ISO,EN ISO 4026,Hexagon socket set screws with flat point,Current-use reference,specifications/en-iso/en-iso-4026.html,specifications/en-iso/en-iso-specifications.html,generated_from_master_record,
PRA-SPC-00246,EN ISO,EN ISO 4027,Hexagon socket set screws with cone point,Current-use reference,specifications/en-iso/en-iso-4027.html,specifications/en-iso/en-iso-specifications.html,generated_from_master_record,
PRA-SPC-00247,EN ISO,EN ISO 4028,Hexagon socket set screws with dog point,Current-use reference,specifications/en-iso/en-iso-4028.html,specifications/en-iso/en-iso-specifications.html,generated_from_master_record,
PRA-SPC-00248,EN ISO,EN ISO 4029,Hexagon socket set screws with cup point,Current-use reference,specifications/en-iso/en-iso-4029.html,specifications/en-iso/en-iso-specifications.html,generated_from_master_record,
PRA-SPC-00249,EN ISO,EN ISO 4032:2023,"Fasteners — Hexagon regular nuts, style 1 — Product grades A and B",Current-use reference,specifications/en-iso/en-iso-4032.html,specifications/en-iso/en-iso-specifications.html,generated_from_master_record,
PRA-SPC-00250,EN ISO,EN ISO 4033:2023,"Fasteners — Hexagon high nuts, style 2 — Product grades A and B",Current-use reference,specifications/en-iso/en-iso-4033.html,specifications/en-iso/en-iso-specifications.html,generated_from_master_record,
PRA-SPC-00251,EN ISO,EN ISO 4034:2023,"Fasteners — Hexagon regular nuts, style 1 — Product grade C",Current-use reference,specifications/en-iso/en-iso-4034.html,specifications/en-iso/en-iso-specifications.html,generated_from_master_record,
PRA-SPC-00252,EN ISO,EN ISO 4035:2023,"Fasteners — Hexagon thin nuts, style 0 — Product grades A and B",Current-use reference,specifications/en-iso/en-iso-4035.html,specifications/en-iso/en-iso-specifications.html,generated_from_master_record,
PRA-SPC-00253,EN ISO,EN ISO 4036:2023,"Fasteners — Hexagon thin nuts, style 0, unchamfered — Product grade B",Current-use reference,specifications/en-iso/en-iso-4036.html,specifications/en-iso/en-iso-specifications.html,generated_from_master_record,
PRA-SPC-00254,EN ISO,EN ISO 4042:2022,Fasteners — Electroplated coating systems,Current-use reference,specifications/en-iso/en-iso-4042.html,specifications/en-iso/en-iso-specifications.html,generated_from_master_record,
PRA-SPC-00255,EN ISO,EN ISO 4042:2022/A1:2026,Fasteners — Electroplated coating systems — Amendment 1,Current-use reference,specifications/en-iso/en-iso-4042-a1.html,specifications/en-iso/en-iso-specifications.html,generated_from_master_record,
PRA-SPC-00256,EN ISO,EN ISO 4759-1:2000,"Tolerances for fasteners — Part 1: Bolts, screws, studs and nuts — Product grades A, B and C",Current-use reference,specifications/en-iso/en-iso-4759-1.html,specifications/en-iso/en-iso-specifications.html,generated_from_master_record,
PRA-SPC-00257,EN ISO,EN ISO 4759-3:2016,"Tolerances for fasteners — Part 3: Washers for bolts, screws and nuts — Product grades A, C and F",Current-use reference,specifications/en-iso/en-iso-4759-3.html,specifications/en-iso/en-iso-specifications.html,generated_from_master_record,
PRA-SPC-00258,EN ISO,EN ISO 4762:2004,Hexagon socket head cap screws,Current-use reference,specifications/en-iso/en-iso-4762.html,specifications/en-iso/en-iso-specifications.html,generated_from_master_record,
PRA-SPC-00259,EN ISO,EN ISO 6157-1:1988,"Fasteners — Surface discontinuities — Part 1: Bolts, screws and studs for general requirements",Current-use reference,specifications/en-iso/en-iso-6157-1.html,specifications/en-iso/en-iso-specifications.html,generated_from_master_record,
PRA-SPC-00260,EN ISO,EN ISO 6157-2:1995,Fasteners — Surface discontinuities — Part 2: Nuts,Current-use reference,specifications/en-iso/en-iso-6157-2.html,specifications/en-iso/en-iso-specifications.html,generated_from_master_record,
PRA-SPC-00261,EN ISO,EN ISO 6157-3:1988,"Fasteners — Surface discontinuities — Part 3: Bolts, screws and studs for special requirements",Current-use reference,specifications/en-iso/en-iso-6157-3.html,specifications/en-iso/en-iso-specifications.html,generated_from_master_record,
PRA-SPC-00262,EN ISO,EN ISO 7089:2000,Plain washers — Normal series — Product grade A,Current-use reference,specifications/en-iso/en-iso-7089.html,specifications/en-iso/en-iso-specifications.html,generated_from_master_record,
PRA-SPC-00263,EN ISO,EN ISO 7090:2000,"Plain washers, chamfered — Normal series — Product grade A",Current-use reference,specifications/en-iso/en-iso-7090.html,specifications/en-iso/en-iso-specifications.html,generated_from_master_record,
PRA-SPC-00264,EN ISO,EN ISO 7091:2000,Plain washers — Normal series — Product grade C,Current-use reference,specifications/en-iso/en-iso-7091.html,specifications/en-iso/en-iso-specifications.html,generated_from_master_record,
PRA-SPC-00265,EN ISO,EN ISO 7092:2000,Plain washers — Small series — Product grade A,Current-use reference,specifications/en-iso/en-iso-7092.html,specifications/en-iso/en-iso-specifications.html,generated_from_master_record,
PRA-SPC-00266,EN ISO,EN ISO 7093-1:2000,Plain washers — Large series — Part 1: Product grade A,Current-use reference,specifications/en-iso/en-iso-7093-1.html,specifications/en-iso/en-iso-specifications.html,generated_from_master_record,
PRA-SPC-00267,EN ISO,EN ISO 7093-2:2000,Plain washers — Large series — Part 2: Product grade C,Current-use reference,specifications/en-iso/en-iso-7093-2.html,specifications/en-iso/en-iso-specifications.html,generated_from_master_record,
PRA-SPC-00268,EN ISO,EN ISO 7094:2000,Plain washers — Extra large series — Product grade C,Current-use reference,specifications/en-iso/en-iso-7094.html,specifications/en-iso/en-iso-specifications.html,generated_from_master_record,
PRA-SPC-00269,EN ISO,EN ISO 7380-1:2022,Fasteners — Button head screws with hexagon socket — Part 1,Current-use reference,specifications/en-iso/en-iso-7380-1.html,specifications/en-iso/en-iso-specifications.html,generated_from_master_record,
PRA-SPC-00270,EN ISO,EN ISO 7380-2:2022,Fasteners — Button head screws with hexagon socket with collar — Part 2,Current-use reference,specifications/en-iso/en-iso-7380-2.html,specifications/en-iso/en-iso-specifications.html,generated_from_master_record,
PRA-SPC-00271,EN ISO,EN ISO 10642:2019,Fasteners — Hexagon socket countersunk head screws with reduced loadability,Current-use reference,specifications/en-iso/en-iso-10642.html,specifications/en-iso/en-iso-specifications.html,generated_from_master_record,
PRA-SPC-00272,EN ISO,EN ISO 10683:2018,Fasteners — Non-electrolytically applied zinc flake coating systems,Current-use reference,specifications/en-iso/en-iso-10683.html,specifications/en-iso/en-iso-specifications.html,generated_from_master_record,
PRA-SPC-00273,EN ISO,EN ISO 10684:2004,Fasteners — Hot dip galvanized coatings,Current-use reference,specifications/en-iso/en-iso-10684.html,specifications/en-iso/en-iso-specifications.html,generated_from_master_record,
PRA-SPC-00274,EN ISO,EN ISO 14579:2011,Hexalobular socket head cap screws,Current-use reference,specifications/en-iso/en-iso-14579.html,specifications/en-iso/en-iso-specifications.html,generated_from_master_record,
PRA-SPC-00275,EN ISO,EN ISO 14580:2011,Hexalobular socket cheese head screws,Current-use reference,specifications/en-iso/en-iso-14580.html,specifications/en-iso/en-iso-specifications.html,generated_from_master_record,
PRA-SPC-00276,EN ISO,EN ISO 14581:2013,Fasteners — Hexalobular socket countersunk flat head screws,Current-use reference,specifications/en-iso/en-iso-14581.html,specifications/en-iso/en-iso-specifications.html,generated_from_master_record,
PRA-SPC-00277,EN ISO,EN ISO 14583:2011,Hexalobular socket pan head screws,Current-use reference,specifications/en-iso/en-iso-14583.html,specifications/en-iso/en-iso-specifications.html,generated_from_master_record,
PRA-SPC-00278,EN ISO,EN ISO 14584:2011,Hexalobular socket raised countersunk head screws,Current-use reference,specifications/en-iso/en-iso-14584.html,specifications/en-iso/en-iso-specifications.html,generated_from_master_record,
PRA-SPC-00279,EN ISO,EN ISO 14585:2011,Hexalobular socket button head screws,Current-use reference,specifications/en-iso/en-iso-14585.html,specifications/en-iso/en-iso-specifications.html,generated_from_master_record,
PRA-SPC-00280,EN ISO,EN ISO 14586:2011,Hexalobular socket countersunk head tapping screws,Current-use reference,specifications/en-iso/en-iso-14586.html,specifications/en-iso/en-iso-specifications.html,generated_from_master_record,
PRA-SPC-00281,EN ISO,EN ISO 14587:2011,Hexalobular socket raised countersunk head tapping screws,Current-use reference,specifications/en-iso/en-iso-14587.html,specifications/en-iso/en-iso-specifications.html,generated_from_master_record,
PRA-SPC-00282,EN ISO,EN ISO 15330:1999,Fasteners — Preloading test for the detection of hydrogen embrittlement — Parallel bearing surface method,Current-use reference,specifications/en-iso/en-iso-15330.html,specifications/en-iso/en-iso-specifications.html,generated_from_master_record,
PRA-SPC-00283,EN ISO,EN ISO 16047:2005,Fasteners — Torque/clamp force testing,Current-use reference,specifications/en-iso/en-iso-16047.html,specifications/en-iso/en-iso-specifications.html,generated_from_master_record,
PRA-SPC-00284,EN ISO,EN ISO 16228:2018,Fasteners — Types of inspection documents,Current-use reference,specifications/en-iso/en-iso-16228.html,specifications/en-iso/en-iso-specifications.html,generated_from_master_record,
PRA-SPC-00285,EN ISO,EN ISO 16426:2002,Fasteners — Quality assurance system,Current-use reference,specifications/en-iso/en-iso-16426.html,specifications/en-iso/en-iso-specifications.html,generated_from_master_record,
PRA-SPC-00286,EN ISO,EN ISO 1891-2:2014,Fasteners — Terminology — Part 2: Vocabulary and definitions for coatings,Current-use reference,specifications/en-iso/en-iso-1891-2.html,specifications/en-iso/en-iso-specifications.html,generated_from_master_record,
PRA-SPC-00287,DIN,DIN 267-13:2007-05,Fasteners — Technical specifications — Part 13: Parts for bolted connections with specific mechanical properties for use at temperatures ranging from -200 °C to +700 °C,Current-use reference,specifications/din/din-267-13-2007-05.html,specifications/din/din-specifications.html,generated_from_master_record,
PRA-SPC-00288,DIN,DIN 267-26:2005-12,Fasteners — Technical specifications — Part 26: Conical spring washers for bolted connections,Current-use reference,specifications/din/din-267-26-2005-12.html,specifications/din/din-specifications.html,generated_from_master_record,
PRA-SPC-00289,DIN,DIN 267-27:2024-07,"Fasteners — Part 27: Steel screws, bolts and studs made of steel with pre-adhesive coating — Technical specifications",Current-use reference,specifications/din/din-267-27-2024-07.html,specifications/din/din-specifications.html,generated_from_master_record,
PRA-SPC-00290,DIN,DIN 267-28:2026-02,"Fasteners — Part 28: Steel screws, bolts and studs with locking coating, technical specifications",Legacy / Superseded,specifications/din/din-267-28-2026-02.html,specifications/din/din-specifications.html,generated_from_master_record,
PRA-SPC-00291,DIN,DIN 267-30:2016-12,Fasteners — Technical specifications — Part 30: Metric thread rolling screws of property class 10.9,Current-use reference,specifications/din/din-267-30-2016-12.html,specifications/din/din-specifications.html,generated_from_master_record,
PRA-SPC-00292,DIN,DIN 17740:2025-08,Wrought nickel — Chemical composition,Current-use reference,specifications/din/din-17740-2025-08.html,specifications/din/din-specifications.html,generated_from_master_record,
PRA-SPC-00293,DIN,DIN 17741:2002-09,"Wrought nickel alloys, low alloyed — Chemical composition",Current-use reference,specifications/din/din-17741-2002-09.html,specifications/din/din-specifications.html,generated_from_master_record,
PRA-SPC-00294,DIN,DIN 17742:2020-12,Wrought nickel alloys with chromium — Chemical composition,Current-use reference,specifications/din/din-17742-2020-12.html,specifications/din/din-specifications.html,generated_from_master_record,
PRA-SPC-00295,DIN,DIN 17743:2026-03,Wrought nickel alloys with copper — Chemical composition,Current-use reference,specifications/din/din-17743-2026-03.html,specifications/din/din-specifications.html,generated_from_master_record,
PRA-SPC-00296,DIN,DIN 17744:2020-12,Wrought nickel alloys with molybdenum and chromium — Chemical composition,Current-use reference,specifications/din/din-17744-2020-12.html,specifications/din/din-specifications.html,generated_from_master_record,
PRA-SPC-00297,DIN,DIN 17745:2025-09,Wrought alloys of nickel and iron — Chemical composition,Legacy / Superseded,specifications/din/din-17745-2025-09.html,specifications/din/din-specifications.html,generated_from_master_record,
PRA-SPC-00298,DIN EN ISO,DIN EN ISO 898-1:2013-05,"Mechanical properties of fasteners made of carbon steel and alloy steel — Part 1: Bolts, screws and studs with specified property classes — Coarse thread and fine pitch thread",Current-use reference,specifications/din-en-iso/din-en-iso-898-1-2013-05.html,specifications/din-en-iso/din-en-iso-specifications.html,generated_from_master_record,
PRA-SPC-00299,DIN EN ISO,DIN EN ISO 898-2:2023-02,Fasteners — Mechanical properties of fasteners made of carbon steel and alloy steel — Part 2: Nuts with specified property classes,Current-use reference,specifications/din-en-iso/din-en-iso-898-2-2023-02.html,specifications/din-en-iso/din-en-iso-specifications.html,generated_from_master_record,
PRA-SPC-00300,DIN EN ISO,DIN EN ISO 898-3:2021-11,Fasteners — Mechanical properties of fasteners made of carbon steel and alloy steel — Part 3: Flat washers with specified property classes,Current-use reference,specifications/din-en-iso/din-en-iso-898-3-2021-11.html,specifications/din-en-iso/din-en-iso-specifications.html,generated_from_master_record,
PRA-SPC-00301,DIN EN ISO,DIN EN ISO 898-5:2012-09,Mechanical properties of fasteners made of carbon steel and alloy steel — Part 5: Set screws and similar threaded fasteners with specified hardness classes — Coarse thread and fine pitch thread,Current-use reference,specifications/din-en-iso/din-en-iso-898-5-2012-09.html,specifications/din-en-iso/din-en-iso-specifications.html,generated_from_master_record,
PRA-SPC-00302,DIN EN ISO,DIN EN ISO 2702:2022,Fasteners — Heat treated tapping screws — Mechanical and physical properties,Current-use reference,specifications/din-en-iso/din-en-iso-2702.html,specifications/din-en-iso/din-en-iso-specifications.html,generated_from_master_record,
PRA-SPC-00303,DIN EN ISO,DIN EN ISO 3269:2020-01,Fasteners — Acceptance inspection,Current-use reference,specifications/din-en-iso/din-en-iso-3269-2020-01.html,specifications/din-en-iso/din-en-iso-specifications.html,generated_from_master_record,
PRA-SPC-00304,DIN EN ISO,DIN EN ISO 3506-1:2020-08,"Fasteners — Mechanical properties of corrosion-resistant stainless steel fasteners — Part 1: Bolts, screws and studs with specified grades and property classes",Current-use reference,specifications/din-en-iso/din-en-iso-3506-1-2020-08.html,specifications/din-en-iso/din-en-iso-specifications.html,generated_from_master_record,
PRA-SPC-00305,DIN EN ISO,DIN EN ISO 3506-2:2020-08,Fasteners — Mechanical properties of corrosion-resistant stainless steel fasteners — Part 2: Nuts with specified grades and property classes,Current-use reference,specifications/din-en-iso/din-en-iso-3506-2-2020-08.html,specifications/din-en-iso/din-en-iso-specifications.html,generated_from_master_record,
PRA-SPC-00306,DIN EN ISO,DIN EN ISO 3506-3:2026-06,Fasteners — Mechanical properties of corrosion resistant stainless steel fasteners — Part 3: Set screws and similar fasteners not under tensile stress with specified grades and hardness classes,Current-use reference,specifications/din-en-iso/din-en-iso-3506-3-2026-06.html,specifications/din-en-iso/din-en-iso-specifications.html,generated_from_master_record,
PRA-SPC-00307,DIN EN ISO,DIN EN ISO 3506-4:2026-06,Fasteners — Mechanical properties of corrosion-resistant stainless steel fasteners — Part 4: Tapping screws with specified grades and hardness classes,Current-use reference,specifications/din-en-iso/din-en-iso-3506-4-2026-06.html,specifications/din-en-iso/din-en-iso-specifications.html,generated_from_master_record,
PRA-SPC-00308,DIN EN ISO,DIN EN ISO 3506-5:2024-02,"Fasteners — Mechanical properties of corrosion-resistant stainless steel fasteners — Part 5: Special fasteners, also including fasteners from nickel alloys, for high temperature applications",Current-use reference,specifications/din-en-iso/din-en-iso-3506-5-2024-02.html,specifications/din-en-iso/din-en-iso-specifications.html,generated_from_master_record,
PRA-SPC-00309,DIN EN ISO,DIN EN ISO 3506-6:2022-09,Fasteners — Mechanical properties of corrosion-resistant stainless steel fasteners — Part 6: General rules for the selection of stainless steels and nickel alloys for fasteners,Current-use reference,specifications/din-en-iso/din-en-iso-3506-6-2022-09.html,specifications/din-en-iso/din-en-iso-specifications.html,generated_from_master_record,
PRA-SPC-00310,DIN EN ISO,DIN EN ISO 3506-7:2026-06,Fasteners — Mechanical properties of corrosion-resistant stainless steel fasteners — Part 7: Flat washers with specified grades and property classes,Current-use reference,specifications/din-en-iso/din-en-iso-3506-7-2026-06.html,specifications/din-en-iso/din-en-iso-specifications.html,generated_from_master_record,
PRA-SPC-00311,DIN EN ISO,DIN EN ISO 4026:2026-06,Fasteners — Hexagon socket set screws with flat point,Current-use reference,specifications/din-en-iso/din-en-iso-4026-2026-06.html,specifications/din-en-iso/din-en-iso-specifications.html,generated_from_master_record,
PRA-SPC-00312,DIN EN ISO,DIN EN ISO 4027:2026-06,Fasteners — Hexagon socket set screws with truncated cone point,Current-use reference,specifications/din-en-iso/din-en-iso-4027-2026-06.html,specifications/din-en-iso/din-en-iso-specifications.html,generated_from_master_record,
PRA-SPC-00313,DIN EN ISO,DIN EN ISO 4028:2026-06,Fasteners — Hexagon socket set screws with dog point,Current-use reference,specifications/din-en-iso/din-en-iso-4028-2026-06.html,specifications/din-en-iso/din-en-iso-specifications.html,generated_from_master_record,
PRA-SPC-00314,DIN EN ISO,DIN EN ISO 4029:2026-06,Fasteners — Hexagon socket set screws with cup point,Current-use reference,specifications/din-en-iso/din-en-iso-4029-2026-06.html,specifications/din-en-iso/din-en-iso-specifications.html,generated_from_master_record,
PRA-SPC-00315,DIN EN ISO,DIN EN ISO 4042:2022-11,Fasteners — Electroplated coating systems,Current-use reference,specifications/din-en-iso/din-en-iso-4042-2022-11.html,specifications/din-en-iso/din-en-iso-specifications.html,generated_from_master_record,
PRA-SPC-00316,DIN EN ISO,DIN EN ISO 4042/A1,Fasteners — Electroplated coating systems — Amendment 1,Current-use reference,specifications/din-en-iso/din-en-iso-4042-a1.html,specifications/din-en-iso/din-en-iso-specifications.html,generated_from_master_record,
PRA-SPC-00317,DIN EN ISO,DIN EN ISO 4759-1:2001-04,"Tolerances for fasteners — Part 1: Bolts, screws, studs and nuts; Product grades A, B and C",Current-use reference,specifications/din-en-iso/din-en-iso-4759-1-2001-04.html,specifications/din-en-iso/din-en-iso-specifications.html,generated_from_master_record,
PRA-SPC-00318,DIN EN ISO,DIN EN ISO 4759-3,"Tolerances for fasteners — Part 3: Washers for bolts, screws and nuts — Product grades A, C and F",Current-use reference,specifications/din-en-iso/din-en-iso-4759-3.html,specifications/din-en-iso/din-en-iso-specifications.html,generated_from_master_record,
PRA-SPC-00319,DIN EN ISO,DIN EN ISO 4762:2004,Hexagon socket head cap screws,Current-use reference,specifications/din-en-iso/din-en-iso-4762.html,specifications/din-en-iso/din-en-iso-specifications.html,generated_from_master_record,
PRA-SPC-00320,DIN EN,DIN EN 26157-1:1991-12 / ISO 6157-1,"Fasteners — Surface discontinuities — Bolts, screws and studs subject to general requirements",Current-use reference,specifications/din-en/din-en-26157-1-1991-12-iso-6157-1.html,specifications/din-en/din-en-specifications.html,generated_from_master_record,
PRA-SPC-00321,DIN EN ISO,DIN EN ISO 6157-2 / ISO 6157-2,Fasteners — Surface discontinuities — Part 2: Nuts,Current-use reference,specifications/din-en-iso/din-en-iso-6157-2-iso-6157-2.html,specifications/din-en-iso/din-en-iso-specifications.html,generated_from_master_record,
PRA-SPC-00322,DIN EN,DIN EN 26157-3:1991-12 / ISO 6157-3,"Fasteners — Surface discontinuities — Bolts, screws and studs subject to special requirements",Current-use reference,specifications/din-en/din-en-26157-3-1991-12-iso-6157-3.html,specifications/din-en/din-en-specifications.html,generated_from_master_record,
PRA-SPC-00323,DIN EN ISO,DIN EN ISO 7089,Plain washers — Normal series — Product grade A,Current-use reference,specifications/din-en-iso/din-en-iso-7089.html,specifications/din-en-iso/din-en-iso-specifications.html,generated_from_master_record,
PRA-SPC-00324,DIN EN ISO,DIN EN ISO 7090,"Plain washers, chamfered — Normal series — Product grade A",Current-use reference,specifications/din-en-iso/din-en-iso-7090.html,specifications/din-en-iso/din-en-iso-specifications.html,generated_from_master_record,
PRA-SPC-00325,DIN EN ISO,DIN EN ISO 7091,Plain washers — Normal series — Product grade C,Current-use reference,specifications/din-en-iso/din-en-iso-7091.html,specifications/din-en-iso/din-en-iso-specifications.html,generated_from_master_record,
PRA-SPC-00326,DIN EN ISO,DIN EN ISO 7092,Plain washers — Small series — Product grade A,Current-use reference,specifications/din-en-iso/din-en-iso-7092.html,specifications/din-en-iso/din-en-iso-specifications.html,generated_from_master_record,
PRA-SPC-00327,DIN EN ISO,DIN EN ISO 7093-1,Plain washers — Large series — Part 1: Product grade A,Current-use reference,specifications/din-en-iso/din-en-iso-7093-1.html,specifications/din-en-iso/din-en-iso-specifications.html,generated_from_master_record,
PRA-SPC-00328,DIN EN ISO,DIN EN ISO 7093-2,Plain washers — Large series — Part 2: Product grade C,Current-use reference,specifications/din-en-iso/din-en-iso-7093-2.html,specifications/din-en-iso/din-en-iso-specifications.html,generated_from_master_record,
PRA-SPC-00329,DIN EN ISO,DIN EN ISO 7094,Plain washers — Extra large series — Product grade C,Current-use reference,specifications/din-en-iso/din-en-iso-7094.html,specifications/din-en-iso/din-en-iso-specifications.html,generated_from_master_record,
PRA-SPC-00330,DIN EN ISO,DIN EN ISO 7380-1,Fasteners — Button head screws with hexagon socket — Part 1,Current-use reference,specifications/din-en-iso/din-en-iso-7380-1.html,specifications/din-en-iso/din-en-iso-specifications.html,generated_from_master_record,
PRA-SPC-00331,DIN EN ISO,DIN EN ISO 7380-2,Fasteners — Button head screws with hexagon socket with collar — Part 2,Current-use reference,specifications/din-en-iso/din-en-iso-7380-2.html,specifications/din-en-iso/din-en-iso-specifications.html,generated_from_master_record,
PRA-SPC-00332,DIN EN ISO,DIN EN ISO 10642:2026-06,Fasteners — Hexagon socket countersunk head screws with reduced loadability,Current-use reference,specifications/din-en-iso/din-en-iso-10642-2026-06.html,specifications/din-en-iso/din-en-iso-specifications.html,generated_from_master_record,
PRA-SPC-00333,DIN EN ISO,DIN EN ISO 10683:2018-11,Fasteners — Non-electrolytically applied zinc flake coating systems,Current-use reference,specifications/din-en-iso/din-en-iso-10683-2018-11.html,specifications/din-en-iso/din-en-iso-specifications.html,generated_from_master_record,
PRA-SPC-00334,DIN EN ISO,DIN EN ISO 10684:2011-09,Fasteners — Hot dip galvanized coatings,Current-use reference,specifications/din-en-iso/din-en-iso-10684-2011-09.html,specifications/din-en-iso/din-en-iso-specifications.html,generated_from_master_record,
PRA-SPC-00335,DIN EN ISO,DIN EN ISO 14579,Hexalobular socket head cap screws,Current-use reference,specifications/din-en-iso/din-en-iso-14579.html,specifications/din-en-iso/din-en-iso-specifications.html,generated_from_master_record,
PRA-SPC-00336,DIN EN ISO,DIN EN ISO 14580,Hexalobular socket cheese head screws,Current-use reference,specifications/din-en-iso/din-en-iso-14580.html,specifications/din-en-iso/din-en-iso-specifications.html,generated_from_master_record,
PRA-SPC-00337,DIN EN ISO,DIN EN ISO 14581,Fasteners — Hexalobular socket countersunk flat head screws,Current-use reference,specifications/din-en-iso/din-en-iso-14581.html,specifications/din-en-iso/din-en-iso-specifications.html,generated_from_master_record,
PRA-SPC-00338,DIN EN ISO,DIN EN ISO 14583,Hexalobular socket pan head screws,Current-use reference,specifications/din-en-iso/din-en-iso-14583.html,specifications/din-en-iso/din-en-iso-specifications.html,generated_from_master_record,
PRA-SPC-00339,DIN EN ISO,DIN EN ISO 14584,Hexalobular socket raised countersunk head screws,Current-use reference,specifications/din-en-iso/din-en-iso-14584.html,specifications/din-en-iso/din-en-iso-specifications.html,generated_from_master_record,
PRA-SPC-00340,DIN EN ISO,DIN EN ISO 14585,Hexalobular socket button head screws,Current-use reference,specifications/din-en-iso/din-en-iso-14585.html,specifications/din-en-iso/din-en-iso-specifications.html,generated_from_master_record,
PRA-SPC-00341,DIN EN ISO,DIN EN ISO 14586,Hexalobular socket countersunk head tapping screws,Current-use reference,specifications/din-en-iso/din-en-iso-14586.html,specifications/din-en-iso/din-en-iso-specifications.html,generated_from_master_record,
PRA-SPC-00342,DIN EN ISO,DIN EN ISO 14587,Hexalobular socket raised countersunk head tapping screws,Current-use reference,specifications/din-en-iso/din-en-iso-14587.html,specifications/din-en-iso/din-en-iso-specifications.html,generated_from_master_record,
PRA-SPC-00343,DIN EN ISO,DIN EN ISO 15330:2000-01,Fasteners — Preloading test for the detection of hydrogen embrittlement — Parallel bearing surface method,Current-use reference,specifications/din-en-iso/din-en-iso-15330-2000-01.html,specifications/din-en-iso/din-en-iso-specifications.html,generated_from_master_record,
PRA-SPC-00344,DIN EN ISO,DIN EN ISO 16047:2025-08,Fasteners — Torque/clamp force testing,Current-use reference,specifications/din-en-iso/din-en-iso-16047-2025-08.html,specifications/din-en-iso/din-en-iso-specifications.html,generated_from_master_record,
PRA-SPC-00345,DIN EN ISO,DIN EN ISO 16228:2018-05,Fasteners — Types of inspection documents,Current-use reference,specifications/din-en-iso/din-en-iso-16228-2018-05.html,specifications/din-en-iso/din-en-iso-specifications.html,generated_from_master_record,
PRA-SPC-00346,DIN EN ISO,DIN EN ISO 16426,Fasteners — Quality assurance system,Current-use reference,specifications/din-en-iso/din-en-iso-16426.html,specifications/din-en-iso/din-en-iso-specifications.html,generated_from_master_record,
PRA-SPC-00347,DIN EN ISO,DIN EN ISO 1891-4:2018-09,"Fasteners — Vocabulary — Part 4: Control, inspection, delivery, acceptance and quality",Current-use reference,specifications/din-en-iso/din-en-iso-1891-4-2018-09.html,specifications/din-en-iso/din-en-iso-specifications.html,generated_from_master_record,
PRA-SPC-00348,DIN,DIN 267-2:2017-06,"Fasteners — Technical specification, surface roughness for product classes A and B",Current-use reference,specifications/din/din-267-2-2017-06.html,specifications/din/din-specifications.html,generated_from_master_record,
PRA-SPC-00349,DIN,DIN 6796:2009-08,Conical spring washers for bolted connections,Current-use reference,specifications/din/din-6796-2009-08.html,specifications/din/din-specifications.html,generated_from_master_record,
PRA-SPC-00350,DIN,DIN 6908:1995-08,Conical spring washers for screw and washer assemblies,Current-use reference,specifications/din/din-6908-1995-08.html,specifications/din/din-specifications.html,generated_from_master_record,
PRA-SPC-00351,DIN,DIN 7500-1:2021-07,Thread forming screws for ISO metric thread — Part 1: Technical specifications for case hardened and tempered screws,Current-use reference,specifications/din/din-7500-1-2021-07.html,specifications/din/din-specifications.html,generated_from_master_record,
PRA-SPC-00352,DIN,DIN 7500-2:2016-04,Thread rolling screws for ISO metric thread — Guideline values for hole diameters,Current-use reference,specifications/din/din-7500-2-2016-04.html,specifications/din/din-specifications.html,generated_from_master_record,
PRA-SPC-00353,DIN EN,DIN EN 10269,Steels and nickel alloys for fasteners with specified elevated and/or low temperature properties,Current-use reference,specifications/din-en/din-en-10269.html,specifications/din-en/din-en-specifications.html,generated_from_master_record,
PRA-SPC-00354,DIN EN,DIN EN 10083-1,Steels for quenching and tempering — Part 1: General technical delivery conditions,Current-use reference,specifications/din-en/din-en-10083-1.html,specifications/din-en/din-en-specifications.html,generated_from_master_record,
PRA-SPC-00355,DIN EN,DIN EN 10083-2,Steels for quenching and tempering — Part 2: Technical delivery conditions for non-alloy steels,Current-use reference,specifications/din-en/din-en-10083-2.html,specifications/din-en/din-en-specifications.html,generated_from_master_record,
PRA-SPC-00356,DIN EN,DIN EN 10083-3,Steels for quenching and tempering — Part 3: Technical delivery conditions for alloy steels,Current-use reference,specifications/din-en/din-en-10083-3.html,specifications/din-en/din-en-specifications.html,generated_from_master_record,
PRA-SPC-00357,DIN EN,DIN EN 10084,Case hardening steels — Technical delivery conditions,Current-use reference,specifications/din-en/din-en-10084.html,specifications/din-en/din-en-specifications.html,generated_from_master_record,
PRA-SPC-00358,DIN EN,DIN EN 10085,Nitriding steels — Technical delivery conditions,Current-use reference,specifications/din-en/din-en-10085.html,specifications/din-en/din-en-specifications.html,generated_from_master_record,
PRA-SPC-00359,DIN EN,DIN EN 10088-3,"Stainless steels — Part 3: Technical delivery conditions for semi-finished products, bars, rods, wire, sections and bright products of corrosion resisting steels for general purposes",Current-use reference,specifications/din-en/din-en-10088-3.html,specifications/din-en/din-en-specifications.html,generated_from_master_record,
PRA-SPC-00360,DIN EN,DIN EN 10095,Heat resisting steels and nickel alloys,Current-use reference,specifications/din-en/din-en-10095.html,specifications/din-en/din-en-specifications.html,generated_from_master_record,
PRA-SPC-00361,BS,BS 64:1992,Specification for normal and high strength steel bolts and nuts for railway rail fishplates,Current-use reference,specifications/bs/bs-64.html,specifications/bs/bs-specifications.html,generated_from_master_record,
PRA-SPC-00362,BS,BS 1429:1980,Specification for annealed round steel wire for general engineering springs,Current-use reference,specifications/bs/bs-1429.html,specifications/bs/bs-specifications.html,generated_from_master_record,
PRA-SPC-00363,BS,BS 1449-1.1:1991,"Steel plate, sheet and strip — Carbon and carbon-manganese plate, sheet and strip — General specification",Current-use reference,specifications/bs/bs-1449-1-1.html,specifications/bs/bs-specifications.html,generated_from_master_record,
PRA-SPC-00364,BS,BS 1473:1972,"Specification for wrought aluminium and aluminium alloys for general engineering purposes — rivet, bolt and screw stock",Current-use reference,specifications/bs/bs-1473.html,specifications/bs/bs-specifications.html,generated_from_master_record,
PRA-SPC-00365,BS EN ISO,BS EN ISO 898-1:2013,"Mechanical properties of fasteners made of carbon steel and alloy steel — Bolts, screws and studs with specified property classes — Coarse thread and fine pitch thread",Current-use reference,specifications/bs-en-iso/bs-en-iso-898-1.html,specifications/bs-en-iso/bs-en-iso-specifications.html,generated_from_master_record,
PRA-SPC-00366,BS EN ISO,BS EN ISO 898-2:2022,Fasteners — Mechanical properties of fasteners made of carbon steel and alloy steel — Nuts with specified property classes,Current-use reference,specifications/bs-en-iso/bs-en-iso-898-2.html,specifications/bs-en-iso/bs-en-iso-specifications.html,generated_from_master_record,
PRA-SPC-00367,BS EN ISO,BS EN ISO 898-3:2018+A1:2021,Fasteners — Mechanical properties of fasteners made of carbon steel and alloy steel — Flat washers with specified property classes,Current-use reference,specifications/bs-en-iso/bs-en-iso-898-3-2018-a1.html,specifications/bs-en-iso/bs-en-iso-specifications.html,generated_from_master_record,
PRA-SPC-00368,BS EN ISO,BS EN ISO 898-5:2012,Mechanical properties of fasteners made of carbon steel and alloy steel — Set screws and similar threaded fasteners with specified hardness classes — Coarse thread and fine pitch thread,Current-use reference,specifications/bs-en-iso/bs-en-iso-898-5.html,specifications/bs-en-iso/bs-en-iso-specifications.html,generated_from_master_record,
PRA-SPC-00369,BS EN ISO,BS EN ISO 2702:2022,Fasteners — Heat treated tapping screws — Mechanical and physical properties,Current-use reference,specifications/bs-en-iso/bs-en-iso-2702.html,specifications/bs-en-iso/bs-en-iso-specifications.html,generated_from_master_record,
PRA-SPC-00370,BS EN ISO,BS EN ISO 3269:2019,Fasteners — Acceptance inspection,Current-use reference,specifications/bs-en-iso/bs-en-iso-3269.html,specifications/bs-en-iso/bs-en-iso-specifications.html,generated_from_master_record,
PRA-SPC-00371,BS EN ISO,BS EN ISO 3506-1:2020,"Fasteners — Mechanical properties of corrosion-resistant stainless steel fasteners — Bolts, screws and studs with specified grades and property classes",Current-use reference,specifications/bs-en-iso/bs-en-iso-3506-1.html,specifications/bs-en-iso/bs-en-iso-specifications.html,generated_from_master_record,
PRA-SPC-00372,BS EN ISO,BS EN ISO 3506-2:2020,Fasteners — Mechanical properties of corrosion-resistant stainless steel fasteners — Nuts with specified grades and property classes,Current-use reference,specifications/bs-en-iso/bs-en-iso-3506-2.html,specifications/bs-en-iso/bs-en-iso-specifications.html,generated_from_master_record,
PRA-SPC-00373,BS EN ISO,ISO 3506-3:2025 / BS EN ISO route,Fasteners — Mechanical properties of corrosion resistant stainless steel fasteners — Set screws and similar fasteners not under tensile stress with specified grades and hardness classes,Current-use reference,specifications/bs-en-iso/bs-en-iso-3506-3-2025-bs-en-iso-route.html,specifications/bs-en-iso/bs-en-iso-specifications.html,generated_from_master_record,
PRA-SPC-00374,BS EN ISO,BS EN ISO 3506-4:2025,Fasteners — Mechanical properties of corrosion-resistant stainless steel fasteners — Tapping screws with specified grades and hardness classes,Current-use reference,specifications/bs-en-iso/bs-en-iso-3506-4.html,specifications/bs-en-iso/bs-en-iso-specifications.html,generated_from_master_record,
PRA-SPC-00375,BS EN ISO,BS EN ISO 3506-7:2025,Fasteners — Mechanical properties of corrosion-resistant stainless steel fasteners — Flat washers with specified grades and property classes,Current-use reference,specifications/bs-en-iso/bs-en-iso-3506-7.html,specifications/bs-en-iso/bs-en-iso-specifications.html,generated_from_master_record,
PRA-SPC-00376,BS EN ISO,BS EN ISO 4014:2022,Fasteners — Hexagon head bolts — Product grades A and B,Current-use reference,specifications/bs-en-iso/bs-en-iso-4014.html,specifications/bs-en-iso/bs-en-iso-specifications.html,generated_from_master_record,
PRA-SPC-00377,BS EN ISO,BS EN ISO 4016:2022,Fasteners — Hexagon head bolts — Product grade C,Current-use reference,specifications/bs-en-iso/bs-en-iso-4016.html,specifications/bs-en-iso/bs-en-iso-specifications.html,generated_from_master_record,
PRA-SPC-00378,BS EN ISO,BS EN ISO 4017:2022,Fasteners — Hexagon head screws — Product grades A and B,Current-use reference,specifications/bs-en-iso/bs-en-iso-4017.html,specifications/bs-en-iso/bs-en-iso-specifications.html,generated_from_master_record,
PRA-SPC-00379,BS EN ISO,BS EN ISO 4018:2022,Fasteners — Hexagon head screws — Product grade C,Current-use reference,specifications/bs-en-iso/bs-en-iso-4018.html,specifications/bs-en-iso/bs-en-iso-specifications.html,generated_from_master_record,
PRA-SPC-00380,BS EN ISO,BS EN ISO 4032:2023,"Fasteners — Hexagon regular nuts, style 1 — Product grades A and B",Current-use reference,specifications/bs-en-iso/bs-en-iso-4032.html,specifications/bs-en-iso/bs-en-iso-specifications.html,generated_from_master_record,
PRA-SPC-00381,BS EN ISO,BS EN ISO 4033:2023,"Fasteners — Hexagon high nuts, style 2 — Product grades A and B",Current-use reference,specifications/bs-en-iso/bs-en-iso-4033.html,specifications/bs-en-iso/bs-en-iso-specifications.html,generated_from_master_record,
PRA-SPC-00382,BS EN ISO,BS EN ISO 4034:2023,"Fasteners — Hexagon regular nuts, style 1 — Product grade C",Current-use reference,specifications/bs-en-iso/bs-en-iso-4034.html,specifications/bs-en-iso/bs-en-iso-specifications.html,generated_from_master_record,
PRA-SPC-00383,BS EN ISO,BS EN ISO 4035:2023,"Fasteners — Hexagon thin nuts, style 0 — Product grades A and B",Current-use reference,specifications/bs-en-iso/bs-en-iso-4035.html,specifications/bs-en-iso/bs-en-iso-specifications.html,generated_from_master_record,
PRA-SPC-00384,BS EN ISO,BS EN ISO 4042:2022+A1:2026,Fasteners — Electroplated coating systems,Current-use reference,specifications/bs-en-iso/bs-en-iso-4042-2022-a1.html,specifications/bs-en-iso/bs-en-iso-specifications.html,generated_from_master_record,
PRA-SPC-00385,BS EN ISO,BS EN ISO 4759-1:2000,"Tolerances for fasteners — Part 1: Bolts, screws, studs and nuts — Product grades A, B and C",Current-use reference,specifications/bs-en-iso/bs-en-iso-4759-1.html,specifications/bs-en-iso/bs-en-iso-specifications.html,generated_from_master_record,
PRA-SPC-00386,BS EN ISO,BS EN ISO 4759-3:2016,"Tolerances for fasteners — Part 3: Washers for bolts, screws and nuts — Product grades A, C and F",Current-use reference,specifications/bs-en-iso/bs-en-iso-4759-3.html,specifications/bs-en-iso/bs-en-iso-specifications.html,generated_from_master_record,
PRA-SPC-00387,BS EN ISO,BS EN ISO 4762:2004,Hexagon socket head cap screws,Current-use reference,specifications/bs-en-iso/bs-en-iso-4762.html,specifications/bs-en-iso/bs-en-iso-specifications.html,generated_from_master_record,
PRA-SPC-00388,BS EN ISO,BS EN ISO 7089:2000,Plain washers — Normal series — Product grade A,Current-use reference,specifications/bs-en-iso/bs-en-iso-7089.html,specifications/bs-en-iso/bs-en-iso-specifications.html,generated_from_master_record,
PRA-SPC-00389,BS EN ISO,BS EN ISO 7090:2000,"Plain washers, chamfered — Normal series — Product grade A",Current-use reference,specifications/bs-en-iso/bs-en-iso-7090.html,specifications/bs-en-iso/bs-en-iso-specifications.html,generated_from_master_record,
PRA-SPC-00390,BS EN ISO,BS EN ISO 7091:2000,Plain washers — Normal series — Product grade C,Current-use reference,specifications/bs-en-iso/bs-en-iso-7091.html,specifications/bs-en-iso/bs-en-iso-specifications.html,generated_from_master_record,
PRA-SPC-00391,BS EN ISO,BS EN ISO 7380-1:2022,Fasteners — Button head screws with hexagon socket — Part 1,Current-use reference,specifications/bs-en-iso/bs-en-iso-7380-1.html,specifications/bs-en-iso/bs-en-iso-specifications.html,generated_from_master_record,
PRA-SPC-00392,BS EN ISO,BS EN ISO 7380-2:2022,Fasteners — Button head screws with hexagon socket with collar — Part 2,Current-use reference,specifications/bs-en-iso/bs-en-iso-7380-2.html,specifications/bs-en-iso/bs-en-iso-specifications.html,generated_from_master_record,
PRA-SPC-00393,BS EN ISO,BS EN ISO 10642:2019,Fasteners — Hexagon socket countersunk head screws with reduced loadability,Current-use reference,specifications/bs-en-iso/bs-en-iso-10642.html,specifications/bs-en-iso/bs-en-iso-specifications.html,generated_from_master_record,
PRA-SPC-00394,BS EN ISO,BS EN ISO 10683:2018,Fasteners — Non-electrolytically applied zinc flake coating systems,Current-use reference,specifications/bs-en-iso/bs-en-iso-10683.html,specifications/bs-en-iso/bs-en-iso-specifications.html,generated_from_master_record,
PRA-SPC-00395,BS EN ISO,BS EN ISO 10684:2004,Fasteners — Hot dip galvanized coatings,Current-use reference,specifications/bs-en-iso/bs-en-iso-10684.html,specifications/bs-en-iso/bs-en-iso-specifications.html,generated_from_master_record,
PRA-SPC-00396,BS EN ISO,BS EN ISO 15330:1999,Fasteners — Preloading test for the detection of hydrogen embrittlement — Parallel bearing surface method,Current-use reference,specifications/bs-en-iso/bs-en-iso-15330.html,specifications/bs-en-iso/bs-en-iso-specifications.html,generated_from_master_record,
PRA-SPC-00397,BS EN ISO,BS EN ISO 16047:2005,Fasteners — Torque/clamp force testing,Current-use reference,specifications/bs-en-iso/bs-en-iso-16047.html,specifications/bs-en-iso/bs-en-iso-specifications.html,generated_from_master_record,
PRA-SPC-00398,BS EN ISO,BS EN ISO 16228:2018,Fasteners — Types of inspection documents,Current-use reference,specifications/bs-en-iso/bs-en-iso-16228.html,specifications/bs-en-iso/bs-en-iso-specifications.html,generated_from_master_record,
PRA-SPC-00399,BS EN ISO,BS EN ISO 16426:2002,Fasteners — Quality assurance system,Current-use reference,specifications/bs-en-iso/bs-en-iso-16426.html,specifications/bs-en-iso/bs-en-iso-specifications.html,generated_from_master_record,
PRA-SPC-00400,BS EN,BS EN 14399-1:2015,High-strength structural bolting assemblies for preloading — Part 1: General requirements,Current-use reference,specifications/bs-en/bs-en-14399-1.html,specifications/bs-en/bs-en-specifications.html,generated_from_master_record,
PRA-SPC-00401,BS EN,BS EN 14399-2:2015,High-strength structural bolting assemblies for preloading — Part 2: Suitability for preloading,Current-use reference,specifications/bs-en/bs-en-14399-2.html,specifications/bs-en/bs-en-specifications.html,generated_from_master_record,
PRA-SPC-00402,BS EN,BS EN 14399-3:2015,High-strength structural bolting assemblies for preloading — Part 3: System HR — Hexagon bolt and nut assemblies,Current-use reference,specifications/bs-en/bs-en-14399-3.html,specifications/bs-en/bs-en-specifications.html,preserved_enhanced_page,
PRA-SPC-00403,BS EN,BS EN 14399-4:2015,High-strength structural bolting assemblies for preloading — Part 4: System HV — Hexagon bolt and nut assemblies,Current-use reference,specifications/bs-en/bs-en-14399-4.html,specifications/bs-en/bs-en-specifications.html,preserved_enhanced_page,
PRA-SPC-00404,BS EN,BS EN 14399-5:2015,High-strength structural bolting assemblies for preloading — Part 5: Plain washers,Current-use reference,specifications/bs-en/bs-en-14399-5.html,specifications/bs-en/bs-en-specifications.html,preserved_enhanced_page,
PRA-SPC-00405,BS EN,BS EN 14399-6:2015,High-strength structural bolting assemblies for preloading — Part 6: Plain chamfered washers,Current-use reference,specifications/bs-en/bs-en-14399-6.html,specifications/bs-en/bs-en-specifications.html,preserved_enhanced_page,
PRA-SPC-00406,BS EN,BS EN 14399-7:2018,High-strength structural bolting assemblies for preloading — Part 7: System HR — Countersunk head bolt and nut assemblies,Current-use reference,specifications/bs-en/bs-en-14399-7.html,specifications/bs-en/bs-en-specifications.html,preserved_enhanced_page,
PRA-SPC-00407,BS EN,BS EN 14399-8:2018,High-strength structural bolting assemblies for preloading — Part 8: System HV — Hexagon fit bolt and nut assemblies,Current-use reference,specifications/bs-en/bs-en-14399-8.html,specifications/bs-en/bs-en-specifications.html,preserved_enhanced_page,
PRA-SPC-00408,BS EN,BS EN 14399-9:2018,High-strength structural bolting assemblies for preloading — Part 9: System HR or HV — Direct tension indicators for bolt and nut assemblies,Current-use reference,specifications/bs-en/bs-en-14399-9.html,specifications/bs-en/bs-en-specifications.html,preserved_enhanced_page,
PRA-SPC-00409,BS EN,BS EN 14399-10:2018,High-strength structural bolting assemblies for preloading — Part 10: System HRC — Bolt and nut assemblies with calibrated preload,Current-use reference,specifications/bs-en/bs-en-14399-10.html,specifications/bs-en/bs-en-specifications.html,preserved_enhanced_page,
PRA-SPC-00410,BS EN,BS EN 15048-1:2016,Non-preloaded structural bolting assemblies — Part 1: General requirements,Current-use reference,specifications/bs-en/bs-en-15048-1.html,specifications/bs-en/bs-en-specifications.html,generated_from_master_record,
PRA-SPC-00411,BS EN,BS EN 15048-2:2016,Non-preloaded structural bolting assemblies — Part 2: Fitness for purpose,Current-use reference,specifications/bs-en/bs-en-15048-2.html,specifications/bs-en/bs-en-specifications.html,generated_from_master_record,
PRA-SPC-00412,BS EN,BS EN 10269:2013,Steels and nickel alloys for fasteners with specified elevated and/or low temperature properties,Current-use reference,specifications/bs-en/bs-en-10269.html,specifications/bs-en/bs-en-specifications.html,generated_from_master_record,
PRA-SPC-00413,BS EN,BS EN 10088-1:2023,Stainless steels — List of stainless steels,Current-use reference,specifications/bs-en/bs-en-10088-1.html,specifications/bs-en/bs-en-specifications.html,generated_from_master_record,
PRA-SPC-00414,BS EN,BS EN 10088-3:2023,"Stainless steels — Technical delivery conditions for semi-finished products, bars, rods, wire, sections and bright products of corrosion resistant steels for general purposes",Current-use reference,specifications/bs-en/bs-en-10088-3.html,specifications/bs-en/bs-en-specifications.html,preserved_enhanced_page,
PRA-SPC-00415,BS EN,BS EN 10277 series,Bright steel products — Technical delivery conditions,Current-use reference,specifications/bs-en/bs-en-10277-series.html,specifications/bs-en/bs-en-specifications.html,generated_from_master_record,
PRA-SPC-00416,BS EN,BS EN 10083 series,Steels for quenching and tempering,Current-use reference,specifications/bs-en/bs-en-10083-series.html,specifications/bs-en/bs-en-specifications.html,generated_from_master_record,
PRA-SPC-00417,BS EN,BS EN 10085,Nitriding steels — Technical delivery conditions,Current-use reference,specifications/bs-en/bs-en-10085.html,specifications/bs-en/bs-en-specifications.html,generated_from_master_record,
PRA-SPC-00418,BS EN,BS EN 10025 series,Hot rolled products of structural steels,Current-use reference,specifications/bs-en/bs-en-10025-series.html,specifications/bs-en/bs-en-specifications.html,generated_from_master_record,
PRA-SPC-00419,BS EN,BS EN 10028 series,Flat products made of steels for pressure purposes,Current-use reference,specifications/bs-en/bs-en-10028-series.html,specifications/bs-en/bs-en-specifications.html,generated_from_master_record,
PRA-SPC-00420,BS EN,BS EN 10250-2,Open die steel forgings for general engineering purposes — Non-alloy quality and special steels,Current-use reference,specifications/bs-en/bs-en-10250-2.html,specifications/bs-en/bs-en-specifications.html,generated_from_master_record,
PRA-SPC-00421,BS EN,BS EN 10250-3,Open die steel forgings for general engineering purposes — Alloy special steels,Current-use reference,specifications/bs-en/bs-en-10250-3.html,specifications/bs-en/bs-en-specifications.html,generated_from_master_record,
PRA-SPC-00422,BS EN,BS EN 10250-4,Open die steel forgings for general engineering purposes — Stainless steels,Current-use reference,specifications/bs-en/bs-en-10250-4.html,specifications/bs-en/bs-en-specifications.html,generated_from_master_record,
PRA-SPC-00423,SAE,SAE J58,Flanged 12-Point Screws,Current-use reference,specifications/sae/sae-j58.html,specifications/sae/sae-specifications.html,generated_from_master_record,
PRA-SPC-00424,SAE,SAE J82,Mechanical and Quality Requirements for Machine Screws,Current-use reference,specifications/sae/sae-j82.html,specifications/sae/sae-specifications.html,generated_from_master_record,
PRA-SPC-00425,SAE,SAE J105,Hex Bolts,Current-use reference,specifications/sae/sae-j105.html,specifications/sae/sae-specifications.html,generated_from_master_record,
PRA-SPC-00426,SAE,SAE J238,Nut and Conical Spring Washer Assemblies,Current-use reference,specifications/sae/sae-j238.html,specifications/sae/sae-specifications.html,generated_from_master_record,
PRA-SPC-00427,SAE,SAE J429,Mechanical and Material Requirements for Externally Threaded Fasteners,Current-use reference,specifications/sae/sae-j429.html,specifications/sae/sae-specifications.html,preserved_enhanced_page,specifications/sae/sae-j429/index.html
PRA-SPC-00428,SAE,SAE J481,Round Head Bolts,Legacy / Superseded,specifications/sae/sae-j481.html,specifications/sae/sae-specifications.html,generated_from_master_record,
PRA-SPC-00429,SAE,SAE J483,"High and Low Crown (Blind, Acorn) Hex Nuts",Legacy / Superseded,specifications/sae/sae-j483.html,specifications/sae/sae-specifications.html,generated_from_master_record,
PRA-SPC-00430,SAE,SAE J773,Conical Spring Washers,Current-use reference,specifications/sae/sae-j773.html,specifications/sae/sae-specifications.html,generated_from_master_record,
PRA-SPC-00431,SAE,SAE J871,Hi-Head Hex Cap Screws,Legacy / Superseded,specifications/sae/sae-j871.html,specifications/sae/sae-specifications.html,generated_from_master_record,
PRA-SPC-00432,SAE,SAE J892,Push-On Spring Nuts Inch Series — General Specifications,Current-use reference,specifications/sae/sae-j892.html,specifications/sae/sae-specifications.html,generated_from_master_record,
PRA-SPC-00433,SAE,SAE J892M,Push-On Spring Nuts Metric Series — General Specifications,Current-use reference,specifications/sae/sae-j892m.html,specifications/sae/sae-specifications.html,generated_from_master_record,
PRA-SPC-00434,SAE,SAE J995,Mechanical and Material Requirements for Steel Nuts,Current-use reference,specifications/sae/sae-j995.html,specifications/sae/sae-specifications.html,preserved_enhanced_page,specifications/sae/sae-j995/index.html
PRA-SPC-00435,SAE,SAE J1102,Mechanical and Material Requirements for Wheel Bolts,Current-use reference,specifications/sae/sae-j1102.html,specifications/sae/sae-specifications.html,generated_from_master_record,
PRA-SPC-00436,SAE,SAE J1102M,Mechanical and Material Requirements for Metric Wheel Bolts,Current-use reference,specifications/sae/sae-j1102m.html,specifications/sae/sae-specifications.html,generated_from_master_record,
PRA-SPC-00437,SAE,SAE J1199,Mechanical and Material Requirements for Metric Externally Threaded Steel Fasteners,Current-use reference,specifications/sae/sae-j1199.html,specifications/sae/sae-specifications.html,generated_from_master_record,
PRA-SPC-00438,SAE,SAE J1237,Metric Thread Rolling Screws,Current-use reference,specifications/sae/sae-j1237.html,specifications/sae/sae-specifications.html,generated_from_master_record,
PRA-SPC-00439,SAE,SAE J2485,Fastener Part Standard — Machine Screw Nuts (Metric and Inch),Current-use reference,specifications/sae/sae-j2485.html,specifications/sae/sae-specifications.html,generated_from_master_record,
PRA-SPC-00440,SAE,SAE J78,Steel Self-Drilling Tapping Screws,Current-use reference,specifications/sae/sae-j78.html,specifications/sae/sae-specifications.html,generated_from_master_record,
PRA-SPC-00441,SAE,SAE J81,Thread Rolling Screws,Current-use reference,specifications/sae/sae-j81.html,specifications/sae/sae-specifications.html,generated_from_master_record,
PRA-SPC-00442,SAE,SAE J121,Decarburization in Hardened and Tempered Unified Threaded Fasteners,Current-use reference,specifications/sae/sae-j121.html,specifications/sae/sae-specifications.html,generated_from_master_record,
PRA-SPC-00443,SAE,SAE J122,Surface Discontinuities on Nuts,Current-use reference,specifications/sae/sae-j122.html,specifications/sae/sae-specifications.html,generated_from_master_record,
PRA-SPC-00444,SAE,SAE J123,"Surface Discontinuities on Bolts, Screws, and Studs in Fatigue Applications",Current-use reference,specifications/sae/sae-j123.html,specifications/sae/sae-specifications.html,generated_from_master_record,
PRA-SPC-00445,SAE,SAE J174,Torque-Tension Test Procedure for Steel Threaded Fasteners — Inch Series,Current-use reference,specifications/sae/sae-j174.html,specifications/sae/sae-specifications.html,generated_from_master_record,
PRA-SPC-00446,SAE,SAE J174M,Torque-Tension Test Procedure for Steel Threaded Fasteners — Metric Series,Current-use reference,specifications/sae/sae-j174m.html,specifications/sae/sae-specifications.html,generated_from_master_record,
PRA-SPC-00447,SAE,SAE J430,"Mechanical and Chemical Requirements for Nonthreaded Fasteners, Carbon Steel Solid Rivets — Inch Series",Current-use reference,specifications/sae/sae-j430.html,specifications/sae/sae-specifications.html,generated_from_master_record,
PRA-SPC-00448,SAE,SAE J485,Holes in Bolt and Screw Shanks and Slots in Nuts for Cotter Pins,Current-use reference,specifications/sae/sae-j485.html,specifications/sae/sae-specifications.html,generated_from_master_record,
PRA-SPC-00449,SAE,SAE J891,Spring Nuts,Current-use reference,specifications/sae/sae-j891.html,specifications/sae/sae-specifications.html,generated_from_master_record,
PRA-SPC-00450,SAE,SAE J933,Mechanical and Quality Requirements for Tapping Screws,Current-use reference,specifications/sae/sae-j933.html,specifications/sae/sae-specifications.html,generated_from_master_record,
PRA-SPC-00451,SAE,SAE J1053,Steel Stamped Nuts of One Pitch Thread Design — Inch Series,Current-use reference,specifications/sae/sae-j1053.html,specifications/sae/sae-specifications.html,generated_from_master_record,
PRA-SPC-00452,SAE,SAE J1061,"Surface Discontinuities on General Application Bolts, Screws, and Studs",Current-use reference,specifications/sae/sae-j1061.html,specifications/sae/sae-specifications.html,generated_from_master_record,
PRA-SPC-00453,SAE,SAE J1200,Blind Rivets — Break Mandrel Type,Current-use reference,specifications/sae/sae-j1200.html,specifications/sae/sae-specifications.html,generated_from_master_record,
PRA-SPC-00454,SAE,SAE J1648,Protective Coatings for Fasteners,Current-use reference,specifications/sae/sae-j1648.html,specifications/sae/sae-specifications.html,generated_from_master_record,
PRA-SPC-00455,SAE,SAE J1701,Torque-Tension Tightening for Fasteners — Inch and Metric,Current-use reference,specifications/sae/sae-j1701.html,specifications/sae/sae-specifications.html,generated_from_master_record,
PRA-SPC-00456,SAE,SAE J2486,Tension Indicating Washer Tightening Method for Fasteners,Current-use reference,specifications/sae/sae-j2486.html,specifications/sae/sae-specifications.html,generated_from_master_record,
PRA-SPC-00457,SAE,SAE J423,Methods of Measuring Case Depth,Current-use reference,specifications/sae/sae-j423.html,specifications/sae/sae-specifications.html,generated_from_master_record,
PRA-SPC-00458,SAE,SAE J419,Methods of Measuring Decarburization,Current-use reference,specifications/sae/sae-j419.html,specifications/sae/sae-specifications.html,generated_from_master_record,
PRA-SPC-00459,SAE,SAE J417,Hardness Tests and Hardness Number Conversions,Current-use reference,specifications/sae/sae-j417.html,specifications/sae/sae-specifications.html,generated_from_master_record,
PRA-SPC-00460,SAE,SAE J864,Surface Hardness Testing with Files,Current-use reference,specifications/sae/sae-j864.html,specifications/sae/sae-specifications.html,generated_from_master_record,
PRA-SPC-00461,SAE AMS,SAE AMS03_20A,Electro-Deposition of Zinc,Current-use reference,specifications/sae-ams/sae-ams-ams03-20a.html,specifications/sae-ams/sae-ams-specifications.html,generated_from_master_record,
PRA-SPC-00462,SAE AMS,SAE AMS2417K,"Plating, Zinc-Nickel Alloy",Current-use reference,specifications/sae-ams/sae-ams-ams2417k.html,specifications/sae-ams/sae-ams-specifications.html,generated_from_master_record,
PRA-SPC-00463,SAE AMS,SAE AMS2400R,Cadmium Plating,Legacy / Superseded,specifications/sae-ams/sae-ams-ams2400r.html,specifications/sae-ams/sae-ams-specifications.html,generated_from_master_record,
PRA-SPC-00464,SAE AMS,SAE AMS2480,Phosphate Treatment (Paint Base),Current-use reference,specifications/sae-ams/sae-ams-ams2480.html,specifications/sae-ams/sae-ams-specifications.html,generated_from_master_record,
PRA-SPC-00465,SAE AMS,SAE AMS2481L,"Phosphate Treatment, Antichafing",Current-use reference,specifications/sae-ams/sae-ams-ams2481l.html,specifications/sae-ams/sae-ams-specifications.html,generated_from_master_record,
PRA-SPC-00466,SAE AMS,SAE AMS2485M,"Coating, Black Oxide",Current-use reference,specifications/sae-ams/sae-ams-ams2485m.html,specifications/sae-ams/sae-ams-specifications.html,generated_from_master_record,
PRA-SPC-00467,SAE AMS,SAE AMS2506E,"Coating of Fasteners, Aluminum Filled, Ceramic Bonded Coating",Current-use reference,specifications/sae-ams/sae-ams-ams2506e.html,specifications/sae-ams/sae-ams-specifications.html,generated_from_master_record,
PRA-SPC-00468,SAE AS,SAE AS8879D,"Screw Threads — UNJ Profile, Inch Controlled Radius Root with Increased Minor Diameter",Current-use reference,specifications/sae-as/sae-as-as8879d.html,specifications/sae-as/sae-as-specifications.html,generated_from_master_record,
PRA-SPC-00469,SAE AS,SAE AS1132K,"Bolts, Screws, and Nuts — External Wrenching, UNJ Thread, Inch, Design Standard",Current-use reference,specifications/sae-as/sae-as-as1132k.html,specifications/sae-as/sae-as-specifications.html,generated_from_master_record,
PRA-SPC-00470,SAE AS,SAE AS7460D,"Bolts and Screws, Titanium Alloy 6Al-4V, UNS R56400, Procurement Specification",Current-use reference,specifications/sae-as/sae-as-as7460d.html,specifications/sae-as/sae-as-specifications.html,generated_from_master_record,
PRA-SPC-00471,SAE AS,SAE AS7474D,"Bolts and Screws, Steel, Corrosion-Resistant, UNS S17400, Tensile Strength 140 ksi, Procurement Specification",Current-use reference,specifications/sae-as/sae-as-as7474d.html,specifications/sae-as/sae-as-specifications.html,generated_from_master_record,
PRA-SPC-00472,SAE MA,SAE MA3374D,"Bolts and Screws, UNS S66286, Corrosion and Heat Resistant Steel, Procurement Specification, Metric",Current-use reference,specifications/sae-ma/sae-ma-ma3374d.html,specifications/sae-ma/sae-ma-specifications.html,generated_from_master_record,
PRA-SPC-00473,NAS,NA0037,"Bolt, Tension, Close Tolerance, Hexagon Head, Titanium Alloy, 1100 MPa Ftu, Metric",Current-use reference,specifications/nas/nas-na0037.html,specifications/nas/nas-specifications.html,generated_from_master_record,
PRA-SPC-00474,NAS,NAS498,"Fasteners, Alloy Steel, Externally Threaded",Current-use reference,specifications/nas/nas-nas498.html,specifications/nas/nas-specifications.html,generated_from_master_record,
PRA-SPC-00475,NAS,NAS1100,"Screw, Pan Head, Full Thread, Offset Cruciform Recess, 160 ksi Ftu",Legacy / Superseded,specifications/nas/nas-nas1100.html,specifications/nas/nas-specifications.html,generated_from_master_record,
PRA-SPC-00476,NAS,NAS1774,"Nut, Self-Locking, Plate, One Lug, Low Height, Cbored, Floating, 160 ksi, 450 °F, 800 °F",Current-use reference,specifications/nas/nas-nas1774.html,specifications/nas/nas-specifications.html,generated_from_master_record,
PRA-SPC-00477,NAS,NASM3-20,"Bolt, Machine, Aircraft",Legacy / Superseded,specifications/nas/nas-nasm3-20.html,specifications/nas/nas-specifications.html,generated_from_master_record,
PRA-SPC-00478,NAS,NASM21043,"Nut, Self-Locking, 800 °F, Reduced Hexagon, Reduced Height, Ring Base, Corrosion Resistant Steel",Current-use reference,specifications/nas/nas-nasm21043.html,specifications/nas/nas-specifications.html,generated_from_master_record,
PRA-SPC-00479,NAS,NASM21046,"Nut, Self-Locking, Plate Type",Current-use reference,specifications/nas/nas-nasm21046.html,specifications/nas/nas-specifications.html,generated_from_master_record,
PRA-SPC-00480,NAS,NASM21047,"Nut, Self-Locking, Plate, Two-Lug, Low Height, Steel, 125 ksi Ftu, 450 °F",Current-use reference,specifications/nas/nas-nasm21047.html,specifications/nas/nas-specifications.html,generated_from_master_record,
PRA-SPC-00481,NAS,NASM23964,"Bolt, Self-Retaining, Positive Locking",Current-use reference,specifications/nas/nas-nasm23964.html,specifications/nas/nas-specifications.html,generated_from_master_record,
PRA-SPC-00482,NAS,NASM25027,"Nut, Self-Locking, 250 °F, 450 °F, and 800 °F",Legacy / Superseded,specifications/nas/nas-nasm25027.html,specifications/nas/nas-specifications.html,generated_from_master_record,
PRA-SPC-00483,NAS,NASM27577,"Bolt, Self-Retaining, Impedance Type, 95 ksi Fsu, Flush Head, 450 °F",Current-use reference,specifications/nas/nas-nasm27577.html,specifications/nas/nas-specifications.html,generated_from_master_record,
PRA-SPC-00484,NAS,NASM45595,"Washers, Shouldered, Recessed, Saddle, Concave and Convex, General Specification for",Current-use reference,specifications/nas/nas-nasm45595.html,specifications/nas/nas-specifications.html,generated_from_master_record,
PRA-SPC-00485,NAS,NASM83050,"Bolt, Self-Retaining, Impedance Type",Current-use reference,specifications/nas/nas-nasm83050.html,specifications/nas/nas-specifications.html,generated_from_master_record,
PRA-SPC-00486,MIL,MIL-DTL-1222,"Studs, Bolts, Screws and Nuts for Applications Where a High Degree of Reliability is Required; General Specification for",Current-use reference,specifications/mil/mil-dtl-1222.html,specifications/mil/mil-specifications.html,generated_from_master_record,
PRA-SPC-00487,MIL,MIL-DTL-18240,"Fastener Element, Self-Locking, Threaded Fastener, 250 Degrees F Maximum",Current-use reference,specifications/mil/mil-dtl-18240.html,specifications/mil/mil-specifications.html,generated_from_master_record,
PRA-SPC-00488,FF,FF-S-85,"Screw, Cap, Slotted and Hexagon Head",Current-use reference,specifications/ff/ff-s-85.html,specifications/ff/ff-specifications.html,generated_from_master_record,
PRA-SPC-00489,FF,FF-S-86,"Screw, Cap, Socket-Head",Current-use reference,specifications/ff/ff-s-86.html,specifications/ff/ff-specifications.html,generated_from_master_record,
PRA-SPC-00490,FF,FF-S-92,"Screw, Machine, Slotted, Cross-Recessed or Hexagon Head",Current-use reference,specifications/ff/ff-s-92.html,specifications/ff/ff-specifications.html,generated_from_master_record,
PRA-SPC-00491,FF,FF-S-200,"Setscrews: Hexagon Socket and Spline Socket, Headless",Current-use reference,specifications/ff/ff-s-200.html,specifications/ff/ff-specifications.html,generated_from_master_record,
PRA-SPC-00492,FF,FF-N-836,"Nut: Square, Hexagon, Cap, Slotted, Castle, Knurled, Welding and Single Ball Seat",Current-use reference,specifications/ff/ff-n-836.html,specifications/ff/ff-specifications.html,generated_from_master_record,
PRA-SPC-00493,FF,FF-W-92,"Washer, Flat (Plain)",Current-use reference,specifications/ff/ff-w-92.html,specifications/ff/ff-specifications.html,generated_from_master_record,
PRA-SPC-00494,FF,FF-W-84,"Washers, Lock (Spring)",Legacy / Superseded,specifications/ff/ff-w-84.html,specifications/ff/ff-specifications.html,generated_from_master_record,
PRA-SPC-00495,MIL,MIL-DTL-45932,"Insert, Screw Thread, Thin Wall, Locked In; General Specification for",Current-use reference,specifications/mil/mil-dtl-45932.html,specifications/mil/mil-specifications.html,generated_from_master_record,
PRA-SPC-00496,MIL,MIL-DTL-45932/1,"Insert, Screw Thread — Thin Wall, Locked In",Current-use reference,specifications/mil/mil-dtl-45932-1.html,specifications/mil/mil-specifications.html,generated_from_master_record,
PRA-SPC-00497,MIL,MIL-DTL-45932/3,"Insert, Screw Thread — Thin Wall, Locked In, Oversize Replacer",Current-use reference,specifications/mil/mil-dtl-45932-3.html,specifications/mil/mil-specifications.html,generated_from_master_record,
PRA-SPC-00498,MS,MS35295,"Screw, Cap, Hexagon Head, Medium Carbon Steel, Plain Finish, UNC-2A",Current-use reference,specifications/ms/ms-ms35295.html,specifications/ms/ms-specifications.html,generated_from_master_record,
PRA-SPC-00499,MS,MS35302,"Screw, Cap, Hexagon Head, Alloy Steel, Plain Finish, UNF-2A",Current-use reference,specifications/ms/ms-ms35302.html,specifications/ms/ms-specifications.html,generated_from_master_record,
PRA-SPC-00500,MS,MS51099,"Screw, Cap, Hexagon Head, Head Drilled for Locking Wire, Steel Corrosion-Resisting, Passivated, UNC-2A",Current-use reference,specifications/ms/ms-ms51099.html,specifications/ms/ms-specifications.html,generated_from_master_record,
PRA-SPC-00501,MS,MS51100,"Screw, Cap, Hexagon Head, Head Drilled for Locking Wire, Steel Corrosion-Resisting, Passivated, UNF-2A",Current-use reference,specifications/ms/ms-ms51100.html,specifications/ms/ms-specifications.html,generated_from_master_record,
PRA-SPC-00502,MS,MS51107,"Screw, Cap, Hexagon Head, Shank Drilled for Cotter Pin, Alloy Steel, Grade 8, Phosphate Coated, UNC-2A",Current-use reference,specifications/ms/ms-ms51107.html,specifications/ms/ms-specifications.html,generated_from_master_record,
PRA-SPC-00503,MS,MS51108,"Screw, Cap, Hexagon Head, Shank Drilled for Cotter Pin, Alloy Steel, Grade 8, Phosphate Coated, UNF-2A",Current-use reference,specifications/ms/ms-ms51108.html,specifications/ms/ms-specifications.html,generated_from_master_record,
PRA-SPC-00504,NAS,NAS1351,"Screw, Cap, Socket Head, Undrilled and Drilled, Plain and Self-Locking, Alloy Steel and Corrosion-Resisting Steel and Heat-Resistant Steel, UNRF-3A",Current-use reference,specifications/nas/nas-nas1351.html,specifications/nas/nas-specifications.html,generated_from_master_record,
PRA-SPC-00505,NAS,NAS1352,"Screw, Cap, Socket Head, Undrilled and Drilled, Plain and Self-Locking, Alloy Steel and Corrosion-Resistant Steel and Heat-Resistant Steel, UNRC-3A and UNRC-2A",Current-use reference,specifications/nas/nas-nas1352.html,specifications/nas/nas-specifications.html,generated_from_master_record,
PRA-SPC-00506,NAS,NASM24667,"Screw, Cap, Socket Head, Flat Countersunk, 82 deg., Alloy Steel, UNC-3A",Current-use reference,specifications/nas/nas-nasm24667.html,specifications/nas/nas-specifications.html,generated_from_master_record,
PRA-SPC-00507,NAS,NASM24671,"Screw, Cap, Socket-Head-Flat Countersunk, 82 deg., Corrosion-Resisting Steel, UNC-3A",Current-use reference,specifications/nas/nas-nasm24671.html,specifications/nas/nas-specifications.html,generated_from_master_record,
PRA-SPC-00508,NAS,NASM24673,"Screw, Cap, Socket Head, Hexagon, Drilled Corrosion-Resisting Steel, UNF-3A",Current-use reference,specifications/nas/nas-nasm24673.html,specifications/nas/nas-specifications.html,generated_from_master_record,
PRA-SPC-00509,NAS,NASM24674,"Screw, Cap, Socket Head, Hexagon, Drilled Corrosion-Resisting Steel, UNC-3A",Current-use reference,specifications/nas/nas-nasm24674.html,specifications/nas/nas-specifications.html,generated_from_master_record,
PRA-SPC-00510,NAS,NASM85730,"Nut, Self-Locking, Spline Drive, Assembled Washer, Nickel Alloy 718, 220 ksi Ftu, 900 °F, General Specification for",Legacy / Superseded,specifications/nas/nas-nasm85730.html,specifications/nas/nas-specifications.html,generated_from_master_record,
PRA-SPC-00511,MIL,MIL-PRF-32647,Zinc-Nickel Electroplating for Fasteners,Current-use reference,specifications/mil/mil-prf-32647.html,specifications/mil/mil-specifications.html,generated_from_master_record,
PRA-SPC-00512,MIL,MIL-DTL-32648,"Zinc Nickel Plating, Low Hydrogen Embrittlement Electro-Deposition",Current-use reference,specifications/mil/mil-dtl-32648.html,specifications/mil/mil-specifications.html,generated_from_master_record,
PRA-SPC-00513,MIL,MIL-PRF-32660,"Plating, Zinc-Nickel Alloy, Low Hydrogen Embrittlement, Alkaline Electrodeposited",Current-use reference,specifications/mil/mil-prf-32660.html,specifications/mil/mil-specifications.html,generated_from_master_record,
PRA-SPC-00514,MIL,MIL-DTL-16232,"Phosphate Coating, Heavy, Manganese or Zinc Base",Current-use reference,specifications/mil/mil-dtl-16232.html,specifications/mil/mil-specifications.html,generated_from_master_record,
PRA-SPC-00515,MIL,MIL-DTL-13924,"Coating, Oxide, Black, for Ferrous Metals",Current-use reference,specifications/mil/mil-dtl-13924.html,specifications/mil/mil-specifications.html,generated_from_master_record,
PRA-SPC-00516,MIL,MIL-DTL-495,"Finish, Chemical, Black, for Copper Alloys",Current-use reference,specifications/mil/mil-dtl-495.html,specifications/mil/mil-specifications.html,generated_from_master_record,
PRA-SPC-00517,MIL,MIL-DTL-5541,Chemical Conversion Coatings on Aluminum and Aluminum Alloys,Current-use reference,specifications/mil/mil-dtl-5541.html,specifications/mil/mil-specifications.html,generated_from_master_record,
PRA-SPC-00518,MIL,MIL-PRF-8625,Anodic Coatings for Aluminum and Aluminum Alloys,Current-use reference,specifications/mil/mil-prf-8625.html,specifications/mil/mil-specifications.html,generated_from_master_record,
PRA-SPC-00519,MIL,MIL-DTL-81706,Chemical Conversion Materials for Coating Aluminum and Aluminum Alloys,Current-use reference,specifications/mil/mil-dtl-81706.html,specifications/mil/mil-specifications.html,generated_from_master_record,
PRA-SPC-00520,MIL,MIL-DTL-81751,"Coating, Metallic-Ceramic",Legacy / Superseded,specifications/mil/mil-dtl-81751.html,specifications/mil/mil-specifications.html,generated_from_master_record,
PRA-SPC-00521,MIL,MIL-DTL-83488,"Coating, Aluminum, High Purity",Current-use reference,specifications/mil/mil-dtl-83488.html,specifications/mil/mil-specifications.html,generated_from_master_record,
PRA-SPC-00522,MIL,MIL-C-87115,Immersion Zinc Flake / Chromate Dispersion Coating,Legacy / Superseded,specifications/mil/mil-c-87115.html,specifications/mil/mil-specifications.html,generated_from_master_record,
PRA-SPC-00523,SAE AMS,SAE AMS-QQ-P-416,"Plating, Cadmium (Electrodeposited)",Legacy / Superseded,specifications/sae-ams/sae-ams-qq-p-416.html,specifications/sae-ams/sae-ams-specifications.html,generated_from_master_record,
PRA-SPC-00524,MIL,MIL-STD-1500,"Cadmium-Titanium Plating, Low Embrittlement, Electrodeposition",Legacy / Superseded,specifications/mil/mil-std-1500.html,specifications/mil/mil-specifications.html,generated_from_master_record,
PRA-SPC-00525,MIL,MIL-STD-1501,"Chromium Plating, Low Embrittlement, Electrodeposition",Current-use reference,specifications/mil/mil-std-1501.html,specifications/mil/mil-specifications.html,generated_from_master_record,
PRA-SPC-00526,MIL,MIL-STD-865,"Selective Brush Plating, Electrodeposition",Current-use reference,specifications/mil/mil-std-865.html,specifications/mil/mil-specifications.html,generated_from_master_record,
PRA-SPC-00527,MIL,MIL-STD-889,Galvanic Compatibility of Electrically Conductive Materials,Current-use reference,specifications/mil/mil-std-889.html,specifications/mil/mil-specifications.html,generated_from_master_record,
PRA-SPC-00528,MIL,MIL-STD-1568,Materials and Processes for Corrosion Prevention and Control in Aerospace Weapons Systems,Current-use reference,specifications/mil/mil-std-1568.html,specifications/mil/mil-specifications.html,generated_from_master_record,
PRA-SPC-00529,MIL,MIL-STD-1587,Material and Process Requirements for Aerospace Weapons Systems,Current-use reference,specifications/mil/mil-std-1587.html,specifications/mil/mil-specifications.html,generated_from_master_record,
PRA-SPC-00530,MIL,MIL-STD-7179,"Finishes, Coatings, and Sealants, for the Protection of Aerospace Weapons Systems and Support Equipment",Current-use reference,specifications/mil/mil-std-7179.html,specifications/mil/mil-specifications.html,generated_from_master_record,
PRA-SPC-00531,MIL,MIL-STD-1916,DoD Preferred Methods for Acceptance of Product,Current-use reference,specifications/mil/mil-std-1916.html,specifications/mil/mil-specifications.html,generated_from_master_record,
PRA-SPC-00532,FED,FED-STD-H28,Screw-Thread Standards for Federal Services,Current-use reference,specifications/fed/fed-std-h28.html,specifications/fed/fed-specifications.html,generated_from_master_record,
PRA-SPC-00533,FED,FED-STD-H28/2,Unified Inch Screw Threads — UN and UNR Thread Forms,Current-use reference,specifications/fed/fed-std-h28-2.html,specifications/fed/fed-specifications.html,generated_from_master_record,
PRA-SPC-00534,FED,FED-STD-H28/4,"Controlled Radius Root Screw Threads, UNJ Symbol",Current-use reference,specifications/fed/fed-std-h28-4.html,specifications/fed/fed-specifications.html,generated_from_master_record,
PRA-SPC-00535,FED,FED-STD-H28/21,Metric Screw Threads,Current-use reference,specifications/fed/fed-std-h28-21.html,specifications/fed/fed-specifications.html,generated_from_master_record,
PRA-SPC-00536,MIL,MIL-S-7742,"Screw Threads, Standard, Optimum Selected Series; General Specification for",Legacy / Superseded,specifications/mil/mil-s-7742.html,specifications/mil/mil-specifications.html,generated_from_master_record,
PRA-SPC-00537,MIL,MIL-STD-130,Identification Marking of U.S. Military Property,Current-use reference,specifications/mil/mil-std-130.html,specifications/mil/mil-specifications.html,generated_from_master_record,
PRA-SPC-00538,MIL,MIL-STD-792,Identification Marking Requirements for Special Purpose Components,Current-use reference,specifications/mil/mil-std-792.html,specifications/mil/mil-specifications.html,generated_from_master_record,
PRA-SPC-00539,MIL,MIL-STD-1312 Series,Fastener Test Methods,Legacy / Superseded,specifications/mil/mil-std-1312-series.html,specifications/mil/mil-specifications.html,generated_from_master_record,
PRA-SPC-00540,NAS,NASM1312 Series,Fastener Test Methods,Current-use reference,specifications/nas/nas-nasm1312-series.html,specifications/nas/nas-specifications.html,generated_from_master_record,
PRA-SPC-00541,NAS,NASM1312-8,Fastener Test Methods — Method 8 — Tensile Strength,Current-use reference,specifications/nas/nas-nasm1312-8.html,specifications/nas/nas-specifications.html,generated_from_master_record,
PRA-SPC-00542,NAS,NASM1312-11,Fastener Test Methods — Method 11 — Tension Fatigue,Legacy / Superseded,specifications/nas/nas-nasm1312-11.html,specifications/nas/nas-specifications.html,generated_from_master_record,
PRA-SPC-00543,NAS,NASM1312-13,Fastener Test Methods — Method 13 — Double Shear Test,Legacy / Superseded,specifications/nas/nas-nasm1312-13.html,specifications/nas/nas-specifications.html,generated_from_master_record,
PRA-SPC-00544,NAS,NASM1312-18,Fastener Test Methods — Method 18 — Elevated Temperature Tensile Strength,Legacy / Superseded,specifications/nas/nas-nasm1312-18.html,specifications/nas/nas-specifications.html,generated_from_master_record,
PRA-SPC-00545,ASTM,ASTM B633,Standard Specification for Electrodeposited Coatings of Zinc on Iron and Steel,Current-use reference,specifications/astm/astm-b633.html,specifications/astm/astm-specifications.html,generated_from_master_record,
PRA-SPC-00546,AASHTO,AASHTO M164,High-Strength Bolts for Structural Steel Joints,Legacy / Superseded,specifications/aashto/aashto-m164.html,specifications/aashto/aashto-specifications.html,generated_from_master_record,specifications/aashto/aashto-m164/index.html
PRA-SPC-00547,AASHTO,AASHTO M232M/M232-25,Zinc Coating (Hot-Dip) on Iron and Steel Hardware,Current-use reference,specifications/aashto/aashto-m232m-m232-25.html,specifications/aashto/aashto-specifications.html,generated_from_master_record,specifications/aashto/aashto-m232/index.html
PRA-SPC-00548,AASHTO,AASHTO M253,"Structural Bolts, Alloy Steel, Heat-Treated, 150 ksi Minimum Tensile Strength",Legacy / Superseded,specifications/aashto/aashto-m253.html,specifications/aashto/aashto-specifications.html,generated_from_master_record,specifications/aashto/aashto-m253/index.html
PRA-SPC-00549,AASHTO,AASHTO M291,Carbon and Alloy Steel Nuts,Legacy / Superseded,specifications/aashto/aashto-m291.html,specifications/aashto/aashto-specifications.html,generated_from_master_record,specifications/aashto/aashto-m291/index.html
PRA-SPC-00550,AASHTO,AASHTO M292M/M292-25,"Carbon Steel, Alloy Steel, and Stainless Steel Nuts for Bolts for High-Pressure or High-Temperature Service, or Both",Current-use reference,specifications/aashto/aashto-m292m-m292-25.html,specifications/aashto/aashto-specifications.html,generated_from_master_record,specifications/aashto/aashto-m292/index.html
PRA-SPC-00551,AASHTO,AASHTO M293,Hardened Steel Washers,Legacy / Superseded,specifications/aashto/aashto-m293.html,specifications/aashto/aashto-specifications.html,generated_from_master_record,specifications/aashto/aashto-m293/index.html
PRA-SPC-00552,AASHTO,AASHTO M314-90 (2022),Steel Anchor Bolts,Current-use reference,specifications/aashto/aashto-m314-90-2022.html,specifications/aashto/aashto-specifications.html,generated_from_master_record,specifications/aashto/aashto-m314/index.html
PRA-SPC-00553,ASME,ASME B18.21.1-2009 (R2016),"Washers: Helical Spring-Lock, Tooth Lock, and Plain Washers (Inch Series)",Current-use reference,specifications/asme/asme-b18-21-1-2009-r2016.html,specifications/asme/asme-specifications.html,generated_from_master_record,specifications/asme/asme-b18-21-1/index.html
PRA-SPC-00554,CSA,CSA G40.21-13 (R2023),Structural Quality Steel,Current-use reference,specifications/csa/csa-g40-21-13-r2023.html,specifications/csa/csa-specifications.html,generated_from_master_record,specifications/csa/csa-g40-21/index.html
PRA-SPC-00555,ASTM,ASTM A105/A105M,Standard Specification for Carbon Steel Forgings for Piping Applications,Current-use reference,specifications/astm/astm-a105-a105m.html,specifications/astm/astm-specifications.html,preserved_enhanced_page,specifications/astm/astm-a105/index.html
PRA-SPC-00556,ASTM,ASTM A108,"Standard Specification for Steel Bar, Carbon and Alloy, Cold-Finished",Current-use reference,specifications/astm/astm-a108.html,specifications/astm/astm-specifications.html,preserved_enhanced_page,specifications/astm/astm-a108/index.html
PRA-SPC-00557,ASTM,ASTM A182/A182M,"Standard Specification for Forged or Rolled Alloy and Stainless Steel Pipe Flanges, Forged Fittings, and Valves and Parts for High-Temperature Service",Current-use reference,specifications/astm/astm-a182-a182m.html,specifications/astm/astm-specifications.html,preserved_enhanced_page,specifications/astm/astm-a182/index.html
PRA-SPC-00558,ASTM,ASTM A240/A240M,"Standard Specification for Chromium and Chromium-Nickel Stainless Steel Plate, Sheet, and Strip for Pressure Vessels and for General Applications",Current-use reference,specifications/astm/astm-a240-a240m.html,specifications/astm/astm-specifications.html,preserved_enhanced_page,specifications/astm/astm-a240/index.html
PRA-SPC-00559,ASTM,ASTM A276/A276M,Standard Specification for Stainless Steel Bars and Shapes,Current-use reference,specifications/astm/astm-a276-a276m.html,specifications/astm/astm-specifications.html,preserved_enhanced_page,specifications/astm/astm-a276/index.html
PRA-SPC-00560,ASTM,ASTM A29/A29M,"Standard Specification for General Requirements for Steel Bars, Carbon and Alloy, Hot-Wrought",Current-use reference,specifications/astm/astm-a29-a29m.html,specifications/astm/astm-specifications.html,preserved_enhanced_page,specifications/astm/astm-a29/index.html
PRA-SPC-00561,ASTM,ASTM A350/A350M,"Standard Specification for Carbon and Low-Alloy Steel Forgings, Requiring Notch Toughness Testing for Piping Components",Current-use reference,specifications/astm/astm-a350-a350m.html,specifications/astm/astm-specifications.html,preserved_enhanced_page,specifications/astm/astm-a350/index.html
PRA-SPC-00562,ASTM,ASTM A479/A479M,Standard Specification for Stainless Steel Bars and Shapes for Use in Boilers and Other Pressure Vessels,Current-use reference,specifications/astm/astm-a479-a479m.html,specifications/astm/astm-specifications.html,preserved_enhanced_page,specifications/astm/astm-a479/index.html
PRA-SPC-00563,ASTM,ASTM A522/A522M,"Standard Specification for Forged or Rolled 8 and 9% Nickel Alloy Steel Flanges, Fittings, Valves, and Parts for Low-Temperature Service",Current-use reference,specifications/astm/astm-a522-a522m.html,specifications/astm/astm-specifications.html,preserved_enhanced_page,specifications/astm/astm-a522/index.html
PRA-SPC-00564,ASTM,ASTM A529/A529M,Standard Specification for High-Strength Carbon-Manganese Steel of Structural Quality,Current-use reference,specifications/astm/astm-a529-a529m.html,specifications/astm/astm-specifications.html,preserved_enhanced_page,specifications/astm/astm-a529/index.html
PRA-SPC-00565,ASTM,ASTM A541/A541M,Standard Specification for Quenched and Tempered Carbon and Alloy Steel Forgings for Pressure Vessel Components,Legacy / Superseded,specifications/astm/astm-a541-a541m.html,specifications/astm/astm-specifications.html,preserved_enhanced_page,specifications/astm/astm-a541/index.html
PRA-SPC-00566,ASTM,ASTM A564/A564M,Standard Specification for Hot-Rolled and Cold-Finished Age-Hardening Stainless Steel Bars and Shapes,Current-use reference,specifications/astm/astm-a564-a564m.html,specifications/astm/astm-specifications.html,preserved_enhanced_page,specifications/astm/astm-a564/index.html
PRA-SPC-00567,ASTM,ASTM A576,"Standard Specification for Steel Bars, Carbon, Hot-Wrought, Special Quality",Current-use reference,specifications/astm/astm-a576.html,specifications/astm/astm-specifications.html,preserved_enhanced_page,specifications/astm/astm-a576/index.html
PRA-SPC-00568,ASTM,ASTM A582/A582M,Standard Specification for Free-Machining Stainless Steel Bars,Current-use reference,specifications/astm/astm-a582-a582m.html,specifications/astm/astm-specifications.html,preserved_enhanced_page,specifications/astm/astm-a582/index.html
PRA-SPC-00569,ASTM,ASTM A592/A592M,Standard Specification for High-Strength Quenched and Tempered Low-Alloy Steel Forged Parts for Pressure Vessels,Current-use reference,specifications/astm/astm-a592-a592m.html,specifications/astm/astm-specifications.html,preserved_enhanced_page,specifications/astm/astm-a592/index.html
PRA-SPC-00570,ASTM,ASTM A638/A638M,"Standard Specification for Precipitation Hardening Iron Base Superalloy Bars, Forgings, and Forging Stock for High-Temperature Service",Current-use reference,specifications/astm/astm-a638-a638m.html,specifications/astm/astm-specifications.html,preserved_enhanced_page,specifications/astm/astm-a638/index.html
PRA-SPC-00571,ASTM,ASTM A694/A694M,"Standard Specification for Carbon and Alloy Steel Forgings for Pipe Flanges, Fittings, Valves, and Parts for High-Pressure Transmission Service",Current-use reference,specifications/astm/astm-a694-a694m.html,specifications/astm/astm-specifications.html,preserved_enhanced_page,specifications/astm/astm-a694/index.html
PRA-SPC-00572,ASTM,ASTM A705/A705M,Standard Specification for Age-Hardening Stainless Steel Forgings,Current-use reference,specifications/astm/astm-a705-a705m.html,specifications/astm/astm-specifications.html,preserved_enhanced_page,specifications/astm/astm-a705/index.html
PRA-SPC-00573,ASTM,ASTM A707/A707M,Standard Specification for Forged Carbon and Alloy Steel Flanges for Low-Temperature Service,Current-use reference,specifications/astm/astm-a707-a707m.html,specifications/astm/astm-specifications.html,preserved_enhanced_page,specifications/astm/astm-a707/index.html
PRA-SPC-00574,ASTM,ASTM A727/A727M,Standard Specification for Carbon Steel Forgings for Piping Components with Inherent Notch Toughness,Legacy / Superseded,specifications/astm/astm-a727-a727m.html,specifications/astm/astm-specifications.html,preserved_enhanced_page,specifications/astm/astm-a727/index.html
PRA-SPC-00575,ASTM,ASTM A836/A836M,Standard Specification for Titanium-Stabilized Carbon Steel Forgings for Glass-Lined Piping and Pressure Vessel Service,Current-use reference,specifications/astm/astm-a836-a836m.html,specifications/astm/astm-specifications.html,preserved_enhanced_page,specifications/astm/astm-a836/index.html
PRA-SPC-00576,ASTM,ASTM A965/A965M,"Standard Specification for Steel Forgings, Austenitic, for Pressure and High Temperature Parts",Current-use reference,specifications/astm/astm-a965-a965m.html,specifications/astm/astm-specifications.html,preserved_enhanced_page,specifications/astm/astm-a965/index.html
PRA-SPC-00577,ASTM,ASTM B103/B103M,"Standard Specification for Phosphor Bronze Plate, Sheet, Strip, and Rolled Bar",Current-use reference,specifications/astm/astm-b103-b103m.html,specifications/astm/astm-specifications.html,preserved_enhanced_page,specifications/astm/astm-b103/index.html
PRA-SPC-00578,ASTM,ASTM B121/B121M,"Standard Specification for Leaded Brass Plate, Sheet, Strip, and Rolled Bar",Current-use reference,specifications/astm/astm-b121-b121m.html,specifications/astm/astm-specifications.html,preserved_enhanced_page,specifications/astm/astm-b121/index.html
PRA-SPC-00579,ASTM,ASTM B122/B122M,"Standard Specification for Copper-Nickel-Tin Alloy, Copper-Nickel-Zinc Alloy (Nickel Silver), and Copper-Nickel Alloy Plate, Sheet, Strip, and Rolled Bar",Current-use reference,specifications/astm/astm-b122-b122m.html,specifications/astm/astm-specifications.html,preserved_enhanced_page,specifications/astm/astm-b122/index.html
PRA-SPC-00580,ASTM,ASTM B124/B124M,"Standard Specification for Copper and Copper Alloy Forging Rod, Bar, and Shapes",Current-use reference,specifications/astm/astm-b124-b124m.html,specifications/astm/astm-specifications.html,preserved_enhanced_page,specifications/astm/astm-b124/index.html
PRA-SPC-00581,ASTM,ASTM B127,"Standard Specification for Nickel-Copper Alloy Plate, Sheet, and Strip",Current-use reference,specifications/astm/astm-b127.html,specifications/astm/astm-specifications.html,preserved_enhanced_page,specifications/astm/astm-b127/index.html
PRA-SPC-00582,ASTM,ASTM B134/B134M,Standard Specification for Brass Wire,Current-use reference,specifications/astm/astm-b134-b134m.html,specifications/astm/astm-specifications.html,preserved_enhanced_page,specifications/astm/astm-b134/index.html
PRA-SPC-00583,ASTM,ASTM B139/B139M,"Standard Specification for Phosphor Bronze Rod, Bar, and Shapes",Current-use reference,specifications/astm/astm-b139-b139m.html,specifications/astm/astm-specifications.html,preserved_enhanced_page,specifications/astm/astm-b139/index.html
PRA-SPC-00584,ASTM,ASTM B150/B150M,"Standard Specification for Aluminum Bronze Rod, Bar, and Shapes",Current-use reference,specifications/astm/astm-b150-b150m.html,specifications/astm/astm-specifications.html,preserved_enhanced_page,specifications/astm/astm-b150/index.html
PRA-SPC-00585,ASTM,ASTM B151/B151M,Standard Specification for Copper-Nickel-Zinc Alloy (Nickel Silver) and Copper-Nickel Rod and Bar,Current-use reference,specifications/astm/astm-b151-b151m.html,specifications/astm/astm-specifications.html,preserved_enhanced_page,specifications/astm/astm-b151/index.html
PRA-SPC-00586,ASTM,ASTM B16/B16M,"Standard Specification for Free-Cutting Brass Rod, Bar and Shapes for Use in Screw Machines",Current-use reference,specifications/astm/astm-b16-b16m.html,specifications/astm/astm-specifications.html,preserved_enhanced_page,specifications/astm/astm-b16/index.html
PRA-SPC-00587,ASTM,ASTM B160,Standard Specification for Nickel Rod and Bar,Current-use reference,specifications/astm/astm-b160.html,specifications/astm/astm-specifications.html,preserved_enhanced_page,specifications/astm/astm-b160/index.html
PRA-SPC-00588,ASTM,ASTM B162,"Standard Specification for Nickel Plate, Sheet, and Strip",Current-use reference,specifications/astm/astm-b162.html,specifications/astm/astm-specifications.html,preserved_enhanced_page,specifications/astm/astm-b162/index.html
PRA-SPC-00589,ASTM,ASTM B164,"Standard Specification for Nickel-Copper Alloy Rod, Bar, and Wire",Current-use reference,specifications/astm/astm-b164.html,specifications/astm/astm-specifications.html,preserved_enhanced_page,specifications/astm/astm-b164/index.html
PRA-SPC-00590,ASTM,ASTM B166,"Standard Specification for Nickel-Chromium and Related Nickel Alloy Rod, Bar, and Wire",Current-use reference,specifications/astm/astm-b166.html,specifications/astm/astm-specifications.html,preserved_enhanced_page,specifications/astm/astm-b166/index.html
PRA-SPC-00591,ASTM,ASTM B168,"Standard Specification for Nickel-Chromium and Related Nickel Alloy Plate, Sheet, and Strip",Current-use reference,specifications/astm/astm-b168.html,specifications/astm/astm-specifications.html,preserved_enhanced_page,specifications/astm/astm-b168/index.html
PRA-SPC-00592,ASTM,ASTM B169/B169M,"Standard Specification for Aluminum Bronze Sheet, Strip, and Rolled Bar",Current-use reference,specifications/astm/astm-b169-b169m.html,specifications/astm/astm-specifications.html,preserved_enhanced_page,specifications/astm/astm-b169/index.html
PRA-SPC-00593,ASTM,ASTM B171/B171M,"Standard Specification for Copper-Alloy Plate and Sheet for Pressure Vessels, Condensers, and Heat Exchangers",Current-use reference,specifications/astm/astm-b171-b171m.html,specifications/astm/astm-specifications.html,preserved_enhanced_page,specifications/astm/astm-b171/index.html
PRA-SPC-00594,ASTM,ASTM B265,"Standard Specification for Titanium and Titanium Alloy Strip, Sheet, and Plate",Current-use reference,specifications/astm/astm-b265.html,specifications/astm/astm-specifications.html,preserved_enhanced_page,specifications/astm/astm-b265/index.html
PRA-SPC-00595,ASTM,ASTM B335,Standard Specification for Nickel-Molybdenum Alloy Rod,Current-use reference,specifications/astm/astm-b335.html,specifications/astm/astm-specifications.html,preserved_enhanced_page,specifications/astm/astm-b335/index.html
PRA-SPC-00596,ASTM,ASTM B348/B348M,Standard Specification for Titanium and Titanium Alloy Bars and Billets,Current-use reference,specifications/astm/astm-b348-b348m.html,specifications/astm/astm-specifications.html,preserved_enhanced_page,specifications/astm/astm-b348/index.html
PRA-SPC-00597,ASTM,ASTM B36/B36M,"Standard Specification for Brass Plate, Sheet, Strip, And Rolled Bar",Current-use reference,specifications/astm/astm-b36-b36m.html,specifications/astm/astm-specifications.html,preserved_enhanced_page,specifications/astm/astm-b36/index.html
PRA-SPC-00598,ASTM,ASTM B365,Standard Specification for Tantalum and Tantalum Alloy Rod and Wire,Current-use reference,specifications/astm/astm-b365.html,specifications/astm/astm-specifications.html,preserved_enhanced_page,specifications/astm/astm-b365/index.html
PRA-SPC-00599,ASTM,ASTM B381,Standard Specification for Titanium and Titanium Alloy Forgings,Current-use reference,specifications/astm/astm-b381.html,specifications/astm/astm-specifications.html,preserved_enhanced_page,specifications/astm/astm-b381/index.html
PRA-SPC-00600,ASTM,ASTM B387/B387M,"Standard Specification for Molybdenum and Molybdenum Alloy Bar, Rod, and Wire",Current-use reference,specifications/astm/astm-b387-b387m.html,specifications/astm/astm-specifications.html,preserved_enhanced_page,specifications/astm/astm-b387/index.html
PRA-SPC-00601,ASTM,ASTM B408,Standard Specification for Nickel-Iron-Chromium Alloy Rod and Bar,Current-use reference,specifications/astm/astm-b408.html,specifications/astm/astm-specifications.html,preserved_enhanced_page,specifications/astm/astm-b408/index.html
PRA-SPC-00602,ASTM,ASTM B409,"Standard Specification for Nickel-Iron-Chromium Alloy Plate, Sheet, and Strip",Current-use reference,specifications/astm/astm-b409.html,specifications/astm/astm-specifications.html,preserved_enhanced_page,specifications/astm/astm-b409/index.html
PRA-SPC-00603,ASTM,ASTM B424,"Standard Specification for Nickel-Iron-Chromium-Molybdenum-Copper Alloys Plate, Sheet, and Strip",Current-use reference,specifications/astm/astm-b424.html,specifications/astm/astm-specifications.html,preserved_enhanced_page,specifications/astm/astm-b424/index.html
PRA-SPC-00604,ASTM,ASTM B425,Standard Specification for Nickel-Iron-Chromium-Molybdenum-Copper Alloys Rod and Bar,Current-use reference,specifications/astm/astm-b425.html,specifications/astm/astm-specifications.html,preserved_enhanced_page,specifications/astm/astm-b425/index.html
PRA-SPC-00605,ASTM,ASTM B446,Standard Specification for Nickel-Chromium-Molybdenum and Related Nickel Alloy Rod and Bar,Current-use reference,specifications/astm/astm-b446.html,specifications/astm/astm-specifications.html,preserved_enhanced_page,specifications/astm/astm-b446/index.html
PRA-SPC-00606,ASTM,ASTM B462,"Standard Specification for Forged or Rolled Nickel Alloy Pipe Flanges, Forged Fittings, and Valves and Parts for Corrosive High-Temperature Service",Current-use reference,specifications/astm/astm-b462.html,specifications/astm/astm-specifications.html,preserved_enhanced_page,specifications/astm/astm-b462/index.html
PRA-SPC-00607,ASTM,ASTM B473,Standard Specification for Nickel-Iron-Chromium-Molybdenum-Copper Alloy Bar and Wire,Current-use reference,specifications/astm/astm-b473.html,specifications/astm/astm-specifications.html,preserved_enhanced_page,specifications/astm/astm-b473/index.html
PRA-SPC-00608,ASTM,ASTM B493/B493M,Standard Specification for Zirconium and Zirconium Alloy Forgings,Current-use reference,specifications/astm/astm-b493-b493m.html,specifications/astm/astm-specifications.html,preserved_enhanced_page,specifications/astm/astm-b493/index.html
PRA-SPC-00609,ASTM,ASTM B550/B550M,Standard Specification for Zirconium and Zirconium Alloy Bar and Wire,Current-use reference,specifications/astm/astm-b550-b550m.html,specifications/astm/astm-specifications.html,preserved_enhanced_page,specifications/astm/astm-b550/index.html
PRA-SPC-00610,ASTM,ASTM B551/B551M,"Standard Specification for Zirconium and Zirconium Alloy Strip, Sheet, and Plate",Current-use reference,specifications/astm/astm-b551-b551m.html,specifications/astm/astm-specifications.html,preserved_enhanced_page,specifications/astm/astm-b551/index.html
PRA-SPC-00611,ASTM,ASTM B564,Standard Specification for Nickel Alloy Forgings,Current-use reference,specifications/astm/astm-b564.html,specifications/astm/astm-specifications.html,preserved_enhanced_page,specifications/astm/astm-b564/index.html
PRA-SPC-00612,ASTM,ASTM B572,Standard Specification for Heat and Corrosion Resistant High Temperature Alloy Bar or Rod,Current-use reference,specifications/astm/astm-b572.html,specifications/astm/astm-specifications.html,preserved_enhanced_page,specifications/astm/astm-b572/index.html
PRA-SPC-00613,ASTM,ASTM B574,Standard Specification for Low-Carbon Nickel-Chromium-Molybdenum and Related Nickel Alloy Rod,Current-use reference,specifications/astm/astm-b574.html,specifications/astm/astm-specifications.html,preserved_enhanced_page,specifications/astm/astm-b574/index.html
PRA-SPC-00614,ASTM,ASTM B637,"Standard Specification for Precipitation-Hardening and Cold Worked Nickel Alloy Bars, Forgings, and Forging Stock for Moderate or High Temperature Service",Current-use reference,specifications/astm/astm-b637.html,specifications/astm/astm-specifications.html,preserved_enhanced_page,specifications/astm/astm-b637/index.html
PRA-SPC-00615,ASTM,ASTM B708,"Standard Specification for Tantalum and Tantalum Alloy Plate, Sheet, and Strip",Current-use reference,specifications/astm/astm-b708.html,specifications/astm/astm-specifications.html,preserved_enhanced_page,specifications/astm/astm-b708/index.html
PRA-SPC-00616,ASTM,ASTM B805,Standard Specification for Precipitation Hardening Nickel Alloys Bar and Wire,Current-use reference,specifications/astm/astm-b805.html,specifications/astm/astm-specifications.html,preserved_enhanced_page,specifications/astm/astm-b805/index.html
PRA-SPC-00617,ASTM,ASTM B865,"Standard Specification for Precipitation Hardening Nickel-Copper-Aluminum Alloy Bar, Rod, Wire, Forgings, and Forging Stock",Current-use reference,specifications/astm/astm-b865.html,specifications/astm/astm-specifications.html,preserved_enhanced_page,specifications/astm/astm-b865/index.html
PRA-SPC-00618,ASTM,ASTM B98/B98M,"Standard Specification for Copper-Silicon Alloy Rod, Bar and Shapes",Current-use reference,specifications/astm/astm-b98-b98m.html,specifications/astm/astm-specifications.html,preserved_enhanced_page,specifications/astm/astm-b98/index.html
PRA-SPC-00619,BS,BS 3076:1989,Specification for nickel and nickel alloys bar,Current-use reference,specifications/bs/bs-3076.html,specifications/bs/bs-specifications.html,preserved_enhanced_page,specifications/bs/bs-3076/index.html
PRA-SPC-00620,DIN,DIN 17240:1976-07,Heat Resisting and Highly Heat Resisting Materials for Bolts and Nuts — Quality Specifications,Withdrawn,specifications/din/din-17240-1976-07.html,specifications/din/din-specifications.html,preserved_enhanced_page,specifications/din/din-17240/index.html
PRA-SPC-00621,ASTM,ASTM A183,Standard Specification for Carbon Steel Track Bolts and Nuts,Current-use reference,specifications/astm/astm-a183.html,specifications/astm/astm-specifications.html,preserved_enhanced_page,specifications/astm/a183/index.html
PRA-SPC-00622,ASTM,ASTM F568M,Standard Specification for Carbon and Alloy Steel Externally Threaded Metric Fasteners,Legacy / Superseded,specifications/astm/astm-f568m.html,specifications/astm/astm-specifications.html,preserved_enhanced_page,specifications/astm/f568m/index.html
PRA-SPC-00623,ASTM,ASTM F738M,"Standard Specification for Stainless Steel Metric Bolts, Screws, and Studs",Legacy / Superseded,specifications/astm/astm-f738m.html,specifications/astm/astm-specifications.html,preserved_enhanced_page,specifications/astm/f738m/index.html
PRA-SPC-00624,ASTM,ASTM F836M,Standard Specification for Style 1 Stainless Steel Metric Nuts (Metric),Legacy / Superseded,specifications/astm/astm-f836m.html,specifications/astm/astm-specifications.html,preserved_enhanced_page,specifications/astm/f836m/index.html
PRA-SPC-00625,ASTM,ASTM F880M,Standard Specification for Stainless Steel Socket Set Screws (Metric),Legacy / Superseded,specifications/astm/astm-f880m.html,specifications/astm/astm-specifications.html,preserved_enhanced_page,specifications/astm/f880m/index.html
PRA-SPC-00626,ASTM,ASTM A693,"Standard Specification for Precipitation-Hardening Stainless and Heat-Resisting Steel Plate, Sheet, and Strip",Current-use reference,specifications/astm/astm-a693.html,specifications/astm/astm-specifications.html,preserved_enhanced_page,specifications/astm/a693/index.html
PRA-SPC-00627,ASTM,ASTM B96/B96M,"Standard Specification for Copper-Silicon Alloy Plate, Sheet, Strip, and Rolled Bar for General Purposes and Pressure Vessels",Current-use reference,specifications/astm/astm-b96-b96m.html,specifications/astm/astm-specifications.html,preserved_enhanced_page,specifications/astm/b96-b96m/index.html
PRA-SPC-00628,BS EN,BS EN 1515-4:2021,Flanges and their joints — Bolting — Part 4: Selection of bolting for equipment subject to the Pressure Equipment Directive 2014/68/EU,Current-use reference,specifications/bs-en/bs-en-1515-4.html,specifications/bs-en/bs-en-specifications.html,preserved_enhanced_page,specifications/bs-en/1515-4-2021/index.html
PRA-SPC-00629,BS,BS 4190:2014,"ISO metric black hexagon bolts, screws and nuts — Specification",Current-use reference,specifications/bs/bs-4190.html,specifications/bs/bs-specifications.html,preserved_enhanced_page,specifications/bs/4190-2014/index.html
PRA-SPC-00630,BS,BS 3692:2014,"ISO metric precision hexagon bolts, screws and nuts — Specification",Current-use reference,specifications/bs/bs-3692.html,specifications/bs/bs-specifications.html,preserved_enhanced_page,specifications/bs/3692-2014/index.html
PRA-SPC-00631,ASTM,ASTM A574M,Standard Specification for Alloy Steel Socket-Head Cap Screws (Metric),Legacy / Superseded,specifications/astm/astm-a574m.html,specifications/astm/astm-specifications.html,preserved_enhanced_page,specifications/astm/a574m/index.html
PRA-SPC-00632,ASTM,ASTM F835M,Standard Specification for Alloy Steel Socket Button and Flat Countersunk Head Cap Screws (Metric),Legacy / Superseded,specifications/astm/astm-f835m.html,specifications/astm/astm-specifications.html,preserved_enhanced_page,specifications/astm/f835m/index.html
PRA-SPC-00633,ASTM,ASTM F837M,Standard Specification for Stainless Steel Socket Head Cap Screws (Metric),Legacy / Superseded,specifications/astm/astm-f837m.html,specifications/astm/astm-specifications.html,preserved_enhanced_page,specifications/astm/f837m/index.html
PRA-SPC-00634,ASTM,ASTM F879M,Standard Specification for Stainless Steel Socket Button and Flat Countersunk Head Cap Screws (Metric),Legacy / Superseded,specifications/astm/astm-f879m.html,specifications/astm/astm-specifications.html,preserved_enhanced_page,specifications/astm/f879m/index.html
PRA-SPC-00635,ASTM,ASTM A563M,Standard Specification for Carbon and Alloy Steel Nuts (Metric),Legacy / Superseded,specifications/astm/astm-a563m.html,specifications/astm/astm-specifications.html,preserved_enhanced_page,specifications/astm/a563m/index.html
PRA-SPC-00636,ASTM,ASTM B99/B99M,Standard Specification for Copper-Silicon Alloy Wire for General Applications,Current-use reference,specifications/astm/astm-b99-b99m.html,specifications/astm/astm-specifications.html,preserved_enhanced_page,specifications/astm/b99-b99m/index.html
PRA-SPC-00637,ASTM,ASTM B927/B927M,"Standard Specification for Brass Rod, Bar, and Shapes",Current-use reference,specifications/astm/astm-b927-b927m.html,specifications/astm/astm-specifications.html,preserved_enhanced_page,specifications/astm/b927-b927m/index.html
PRA-SPC-00638,ASTM,ASTM A181/A181M,"Standard Specification for Carbon Steel Forgings, for General-Purpose Piping",Current-use reference,specifications/astm/astm-a181-a181m.html,specifications/astm/astm-specifications.html,preserved_enhanced_page,specifications/astm/a181-a181m/index.html
PRA-SPC-00639,ASTM,ASTM A266/A266M,Standard Specification for Carbon Steel Forgings for Pressure Vessel Components,Current-use reference,specifications/astm/astm-a266-a266m.html,specifications/astm/astm-specifications.html,preserved_enhanced_page,specifications/astm/a266-a266m/index.html
PRA-SPC-00640,ASTM,ASTM A336/A336M,Standard Specification for Alloy Steel Forgings for Pressure and High-Temperature Parts,Current-use reference,specifications/astm/astm-a336-a336m.html,specifications/astm/astm-specifications.html,preserved_enhanced_page,specifications/astm/a336-a336m/index.html
PRA-SPC-00641,ASTM,ASTM A1099/A1099M,"Standard Specification for Modified Alloy Steel Forgings, Forged Bar, and Rolled Bar Commonly Used in Oil and Gas Pressure Vessels",Current-use reference,specifications/astm/astm-a1099-a1099m.html,specifications/astm/astm-specifications.html,preserved_enhanced_page,specifications/astm/a1099-a1099m/index.html
